episode,canonical_states,empty_board_q0,empty_board_q1,empty_board_q2,empty_board_q3,empty_board_q4,empty_board_q5,empty_board_q6,empty_board_q7,empty_board_q8
100,136,0.0,0.0,0.0,0.0,0.0,0.0,0.0,0.0,0.0
200,203,0.009077690733046873,0.00013059016930971648,0.002699206875,2.016807682781249e-05,0.0,8.601432666101679e-05,0.015108369331188866,0.0,0.01662625640907949
300,244,0.01896217871010715,0.00031015820358874406,0.014180199683368274,0.0001392381335105743,0.0,0.00021778745214022925,0.016599308366847868,0.00016949902470184895,0.016439653830797905
400,280,0.027232330726114477,0.0009157430104198259,0.020091202663501603,0.0003514357799593252,0.0,0.0006905850718585689,0.022200609899047645,0.0006252320282920036,0.024088934741207817
500,307,0.02055514880901213,0.0033258243672496498,0.018279458113321687,0.0029065900476482644,0.0,0.0011314219288334408,0.017394957946574727,0.0016688374380750834,0.02058381064228023
600,333,0.027621281116283706,0.005483498068547027,0.02844020364411487,0.0035255909629893604,0.00021505245531592496,0.002862025200326589,0.02040542109768039,0.004587442066970306,0.02989939537682582
700,349,0.03627021699630255,0.005842988372411417,0.033638539650581736,0.00538411086504325,0.00022643257564934616,0.0046156977127306716,0.018415766460360188,0.004354872909467337,0.0397794640824037
800,356,0.0477804398025827,0.006689529943069877,0.043162838748974856,0.005527253247762207,0.000575338228239037,0.0073012763748100465,0.021297146413523513,0.00784519598169297,0.055459205268669674
900,370,0.060607455989465764,0.012805467022510172,0.046405341502599604,0.009422826719807435,0.0012510257952338193,0.006923434685617376,0.03669847718972542,0.009222981085781045,0.050173988923335855
1000,385,0.05656768862449712,0.02159334076361825,0.055291390186001446,0.00980275159399011,0.00166335304332718,0.006789444945556731,0.042731341289696766,0.023709363958135776,0.05955564108908717
1100,402,0.05334274011190308,0.025631762024651526,0.045863239872435645,0.008839074694088766,0.003874012447575006,0.005982468084635428,0.05316430908235066,0.028493398562888975,0.06518939728842134
1200,423,0.05135474505001186,0.025157040153896776,0.05597164686124971,0.008363926190585371,0.00516844126351757,0.023868397251111464,0.07999616216240295,0.024720923333880686,0.0645892940716161
1300,431,0.06933642388418781,0.019379538442679915,0.09396145966500244,0.030172982636807736,0.005451223511384706,0.02312103308458141,0.06677947278583912,0.021788868894849288,0.07943390706905408
1400,443,0.08590565498180476,0.03324805449502284,0.11105790890293338,0.02720968623650151,0.006642825461703709,0.027692527529088923,0.09771680161361566,0.023389839721843657,0.09988937716161858
1500,452,0.08357954782980273,0.026239041109167076,0.09232720866288524,0.027917396394747766,0.015710671132630336,0.02971850520043522,0.10034302407679269,0.026299628135399905,0.09368278710471822
1600,459,0.10427971165074366,0.037305207634678934,0.09479315630238198,0.03514848365096362,0.016914170141551606,0.03299065198855247,0.11797923596810257,0.023349072272798588,0.11372644967618913
1700,468,0.08850122498714143,0.04292762341142578,0.09908348308478572,0.04793119813534233,0.020119598615805638,0.03181819766760935,0.08987839423630016,0.033929164758453687,0.10852484342873456
1800,480,0.08134803696382756,0.04750950964346081,0.099981359306024,0.03781709204049527,0.0209609613937724,0.027905582526568024,0.07594525208554936,0.0387653199079706,0.07281941313476419
1900,487,0.09094856234333466,0.03908638702744894,0.10550440481265076,0.053214494996190846,0.021147185542775806,0.026839681086122644,0.0949840755220318,0.03207871590273598,0.08706092161484699
2000,496,0.09507635678014908,0.043397151857475634,0.08403010625002141,0.06628499786278437,0.027700715347696414,0.05093183413463176,0.08711428140291265,0.032270992736109755,0.08746073017077075
2100,505,0.10240771868937887,0.03689656882684835,0.10250453649676357,0.04834589655322591,0.028695495187847767,0.056414136517383716,0.09916336706112854,0.035266236613351265,0.0757280509807378
2200,510,0.08962390351803592,0.04772746722001114,0.11549273081838463,0.0518152760847035,0.027123656170790367,0.0720236706388713,0.11959804562710269,0.04995516104544419,0.09262230665252184
2300,512,0.09624746690377178,0.05568005120054325,0.11773833496528346,0.0473118442487994,0.03061840739664864,0.06175856687719448,0.12555988082591873,0.04353184360006293,0.07687384411094249
2400,517,0.09840567012124127,0.0451385718454508,0.1272219162980721,0.06527844043017855,0.03193616537979368,0.05505894215225215,0.11023463262753008,0.050050675753450825,0.1046494488154762
2500,523,0.11444538350115253,0.04140243973598538,0.14165388519607586,0.07200705129350524,0.03534944237052195,0.07506009916831367,0.10667378229882524,0.0831445204343949,0.10941698701151642
2600,529,0.12901593473714432,0.06724532318120233,0.13041045860026446,0.08334672526568579,0.03686047893806549,0.07346042274202375,0.1326549703299555,0.09103098093260044,0.0962425792680962
2700,532,0.17856524971806317,0.07750938122571296,0.16463617125506058,0.08299780484571224,0.03882891096758101,0.08603457317382177,0.12963195617930406,0.08151788901779478,0.12679720137522962
2800,534,0.21041842701719354,0.07472097419111443,0.19863014981473145,0.09248201530464763,0.04141416551705106,0.10767488816979151,0.17352968189858867,0.07572698553696303,0.18216246419122759
2900,536,0.20156392945358328,0.0713890892892832,0.22294238812649392,0.07168689838221164,0.04939521013345233,0.07837759654994982,0.20126229590951064,0.08877346499663802,0.18543524812183285
3000,539,0.19171272209292872,0.09676380891889683,0.18361091690303483,0.07323659255372854,0.05195770936422506,0.06971805827281277,0.21023286449394166,0.11566327041379465,0.13668654220120713
3100,541,0.20034813589223383,0.08185044998402119,0.1797328512043465,0.07978156745560991,0.05198267346531043,0.08319853769381164,0.18890894893518534,0.11424877624609514,0.1825346643130805
3200,546,0.1810518767061228,0.08729697675079685,0.21744210121698979,0.08642518460720267,0.06091378077557405,0.08155070688564005,0.1971692254231889,0.11093931151499106,0.20199750636789118
3300,551,0.18717937935081644,0.09143790049863558,0.15857585590296838,0.11666985095269802,0.0745796861783922,0.10137450114610089,0.1676114575171317,0.13042551625790497,0.20709927296413252
3400,554,0.1941217724466262,0.08706415043058555,0.19145802073907048,0.09692709142111942,0.08230954798713681,0.11171124681453726,0.21291648278619926,0.14208833475768085,0.19456481485681335
3500,556,0.24425659423122814,0.11259077074779228,0.22576672854837565,0.11027446592517884,0.0900121236058097,0.08982911338635058,0.21598762447123093,0.13557453687565338,0.16407485265054833
3600,561,0.23275666027514266,0.11850557914190671,0.21359951094174984,0.12520308017300433,0.09875700913758806,0.08479496925678925,0.24067152385418403,0.11372325083776556,0.21297847314193086
3700,563,0.2183407179770024,0.12999137247911904,0.1928927348455135,0.11013701024513345,0.10814389232979027,0.10189789111893388,0.22535987155250464,0.1231154263742397,0.22254835842675402
3800,564,0.20282762395232515,0.1289497332029457,0.192655724304601,0.15038265022719544,0.11882428767455408,0.1255815862623108,0.2111645949640427,0.13303168196452173,0.240329798685794
3900,565,0.21069283391654367,0.1427213009517927,0.2408241451313701,0.1437885704965521,0.11403616481340381,0.11547130136911567,0.22215448346260724,0.15755834071434466,0.2582819383220755
4000,565,0.18539653505330128,0.13419118006671546,0.26895332188303184,0.13169965767440361,0.12244287951355325,0.1333300045517442,0.23311108814605297,0.1785480780134539,0.2620722332328701
4100,565,0.23638093815790845,0.13385312024064722,0.2643539521666768,0.14423056147482213,0.1291456534802498,0.1506127133335014,0.23361346190229146,0.16162060737675718,0.2683345891447565
4200,568,0.2689315963437035,0.1793660514122404,0.2781482116223014,0.15716747415083757,0.1414223943178556,0.16333134035625532,0.27038271043929696,0.15374534156346703,0.2886438169465454
4300,571,0.2853923363474151,0.1557192197916538,0.2887220022052892,0.15292064728483828,0.1484637265541411,0.17366991209169738,0.2511855245822974,0.15664777317330086,0.2962692069751264
4400,573,0.26331029301318054,0.14302003786551426,0.29386550393376243,0.16656052673943916,0.1538203015426206,0.1568413458820738,0.24231474334944997,0.16298847450289272,0.2556002173142682
4500,575,0.2534474692494671,0.15578991428755404,0.24494137816203004,0.1624313904868426,0.15469777084716066,0.16777215070494197,0.20902165660894892,0.14765392048360396,0.2682623447328522
4600,576,0.259974059149525,0.17424637353827618,0.2612329404286357,0.19163766377951547,0.15746384941833375,0.1583550053722138,0.23485209278818142,0.15261281759524128,0.26895229134551835
4700,576,0.25804938158760277,0.18695062573463514,0.2412870160874234,0.21608949118733817,0.16078069254746646,0.14487476847286745,0.2371710403737613,0.17205128779818543,0.2733974485709838
4800,576,0.22403005797647688,0.18913304524845723,0.22777511367823616,0.19856949844342578,0.17001116746495723,0.18482711283830272,0.2233765106908845,0.19224679934164185,0.2711349599126703
4900,579,0.22500485064195233,0.16485503541755325,0.2474831599246221,0.1946383430479123,0.16697674990032554,0.19411050765134788,0.24254295732854722,0.1718683293617826,0.290297756501671
5000,579,0.2502763987492637,0.1962738266843697,0.2642894542698301,0.1770711326656162,0.18240567698053597,0.19675092711784678,0.2416266901293241,0.17270017517394598,0.27557266454738655
5100,580,0.26773704162130746,0.21082573562117302,0.25996605062928474,0.1824244689717116,0.19382510004773312,0.17875331865340124,0.2595757188171129,0.17224328057260024,0.24059064214621864
5200,582,0.24651180922115656,0.17940467393719028,0.26564787983987126,0.2042721775131441,0.18295445906337743,0.18248379506186763,0.282467960504259,0.18896657851906956,0.2527326646065379
5300,583,0.2686921774498536,0.21441684363659838,0.3046155123141863,0.1905702337208949,0.17426772246213834,0.200781371579701,0.304515244411471,0.20263401198143455,0.32810050375805005
5400,584,0.31190791302191395,0.22069238526327362,0.3238066437940345,0.22376167275567221,0.19962381203134458,0.23454746924983766,0.2997243976502507,0.20025479992611392,0.3206276145210255
5500,585,0.31650899060156007,0.2301181466585649,0.32756623928813355,0.2216491470637614,0.1962888233840772,0.21751524123557123,0.3237890728759644,0.20208209686007933,0.3388823459717332
5600,587,0.3012452459241257,0.24500124113046726,0.2739497811434923,0.21446500719363562,0.20672934784978228,0.21938286979251365,0.2936262851909609,0.2217993722037771,0.30940911213461
5700,590,0.28645198853044873,0.25665030273811373,0.2558314346375893,0.20302151506374486,0.21393343629268954,0.19481523477142626,0.25800591442081633,0.24230755374807145,0.28331337719931304
5800,591,0.30529938649146526,0.24219851596123335,0.25954094818785955,0.18926531685650047,0.21794231393099148,0.20095832906395833,0.2788926858814149,0.23122347496445872,0.304294864197499
5900,591,0.2856357331725964,0.25335423085381126,0.2767188784323288,0.22927319064701404,0.21963167673566453,0.20732389485975608,0.2968351191030341,0.22960893012858077,0.27170148665853977
6000,593,0.2785190136777705,0.21889503835853216,0.2803376884272139,0.239503373081243,0.1963055064774457,0.22514776714951626,0.36036557932193497,0.21113107871947265,0.3139226922533454
6100,595,0.2925685043416983,0.19108045023248918,0.3012960997019759,0.23491915615712786,0.21937369356852504,0.22419154547204792,0.3390665800549727,0.21784432096940476,0.318355877107459
6200,597,0.30591767340351544,0.20911477036176612,0.32657155745792166,0.2387456739017991,0.20562792677695838,0.25538259935109814,0.30129681324830715,0.22980088635254703,0.3171352795752589
6300,599,0.329558697421126,0.2237257145519446,0.3068127847273681,0.21308717999552684,0.21834324661212956,0.22030504919400953,0.3249439129278457,0.24465918441115925,0.3522523856026136
6400,600,0.3161684763179369,0.22943489732249353,0.3314730264542266,0.19402512868882899,0.23358816771270166,0.22804057986907897,0.37457864507116895,0.24209540543329133,0.30710254323462793
6500,600,0.3800807535744161,0.20540189714372692,0.3373865433656993,0.2135531472848215,0.242105400963489,0.23628811750412348,0.40641073279089024,0.21561056803657325,0.34099271893670335
6600,601,0.3866240492113143,0.21658054038799182,0.393622758331915,0.23478116134484336,0.2453526117052721,0.23473579629663566,0.31964070723322685,0.23068778282019622,0.36008103750502424
6700,601,0.4096387138044773,0.22214405010399058,0.3909273984253482,0.20679740534198066,0.2347930204235713,0.22971908614116343,0.35801683084135544,0.22048733333370737,0.36320819567455387
6800,601,0.38908530670690583,0.252486578444205,0.39668521274353574,0.20014831562817836,0.24083734722233302,0.2323378156909779,0.3471960010260773,0.2515548885011208,0.3214535396121262
6900,602,0.384559178898054,0.20739391380189737,0.3715933933124754,0.22327769516792872,0.24942097213685308,0.2813586016912462,0.37808062087693806,0.25271183456032076,0.3293586802786027
7000,602,0.3634729159457607,0.234222218854904,0.36350096838845053,0.26086802455365177,0.2539016779898882,0.2647694108150328,0.38100543835656014,0.29422516113962816,0.343833086919523
7100,602,0.39525532904300126,0.23211802027830106,0.39192207488080044,0.2353344159228546,0.2562406344495842,0.30542624440464605,0.4225997050251465,0.29702345176637496,0.3938889047916828
7200,604,0.39425733630925675,0.22837097273657764,0.4450112408624373,0.27893834685255237,0.23147117745266424,0.28301378320544046,0.4158034981476205,0.29502379260384115,0.3424505043071223
7300,604,0.3956104769081705,0.19657531978262963,0.4423137914815916,0.3045375888399426,0.24638951458865213,0.27389050345378124,0.4422801277700574,0.29054285066991314,0.37259169214776033
7400,604,0.37845800777006766,0.2570517634383265,0.4056166464617806,0.2667761473323593,0.24892412542677955,0.267183693653544,0.4227879473723899,0.30832514226723784,0.4120397166302849
7500,604,0.3536878902182918,0.273244786269242,0.37086084128971847,0.26017987634761336,0.22794915544222688,0.2730688490735549,0.3990727834200932,0.31490659607208044,0.43440337068559853
7600,604,0.36337207225084717,0.2689753978730679,0.3893896549410373,0.270285862331051,0.2710080088014565,0.3059230234280323,0.35914194466508126,0.27657135704751606,0.3851018288659801
7700,604,0.38221697336305177,0.2958616638437099,0.39425762819712545,0.2817253916338697,0.27664591362191654,0.30674271886368526,0.38485974066453144,0.2694928786321527,0.33449766202334097
7800,605,0.4137020326204091,0.2928564739219959,0.4093312574688181,0.30398206752549933,0.2926287241379457,0.29263472186244543,0.3998151547183958,0.2821271412099897,0.38764445254165625
7900,605,0.4686671676318179,0.28757465198519283,0.46367111796444377,0.29200595466156615,0.26830233272794035,0.2843066021036222,0.42263083302629606,0.270586396746747,0.48083139328641045
8000,605,0.5008825363332058,0.2671348783223991,0.4524214413200071,0.3036251248780778,0.2836160787763444,0.2609401202987053,0.41606764599045826,0.28470006899573075,0.40128640468128984
8100,606,0.45496092029708124,0.3016726292655209,0.45598451158926556,0.3030782635921041,0.28878483044325687,0.28621334349472033,0.45615720507037893,0.28898318503670517,0.4547031353776115
8200,607,0.46522876499691895,0.31286025117355853,0.47285706157526863,0.24251965671520834,0.27189871435600166,0.3067958540123467,0.5060953957433948,0.28586955322123603,0.4780956741490795
8300,607,0.4239650777650208,0.3374059258421477,0.4687137010001788,0.28728150234886174,0.3151898864402035,0.3118829701223772,0.4318072028202627,0.2917184332035675,0.4508508679925123
8400,608,0.419665474361608,0.2758487029160208,0.4028470106246968,0.2973828251256075,0.3236750937999381,0.33192415952600907,0.40786816892221006,0.323664956432939,0.41186120674539806
8500,609,0.4156215502683839,0.32621375025699395,0.4268766433775363,0.2982084947342255,0.3342349873916738,0.32146132106589426,0.3833112679356246,0.2844582500889522,0.4135876580759426
8600,609,0.42975724024293727,0.30791994497614594,0.44357556704253753,0.26024819607536015,0.3203311586885898,0.2899213509910128,0.37981342335145096,0.31909634733608006,0.43541446894419633
8700,609,0.3717069301174077,0.3017246199350031,0.46034032750230913,0.29033782757403914,0.3382753712080507,0.293349569641712,0.36019233351244156,0.3258859609811209,0.43463834853814476
8800,610,0.43319946442343626,0.3008153399901135,0.4410636174249521,0.3078154481690992,0.32532489190025954,0.3062783645887085,0.3924436834101641,0.3502833314103917,0.426600539830749
8900,610,0.395789397464217,0.3284150380469963,0.37911132947759874,0.3362531108853772,0.3357408693809276,0.3222002981440398,0.3823921422876041,0.3276519774914319,0.37586293481311633
9000,610,0.42723379803152733,0.3274563995123868,0.38826158518233106,0.3161714091865861,0.31721965616171827,0.30712678672532984,0.4559658710213214,0.3164337128795982,0.4155260867368102
9100,612,0.4376865458530353,0.34926614646453413,0.4264341906769257,0.34125058250105,0.32501781888364617,0.2874597002911024,0.40824345734589057,0.33184741858430983,0.4110727922705502
9200,613,0.38692659768442844,0.3152302605637758,0.4071009121761504,0.3605355464212011,0.3420766625879297,0.30590107157292307,0.42079405853502855,0.3428403254667899,0.40769118124071557
9300,613,0.39835128788201896,0.33560398290105775,0.37688146846634885,0.3605355464212011,0.3417706082985023,0.3210243748127156,0.4349238785683668,0.3140755140205811,0.5057028658754906
9400,613,0.41542767845101414,0.3309943218944616,0.4193885326936492,0.301573890723439,0.3355766739830399,0.34819532128236924,0.44274265783328937,0.3004674713831863,0.46220945374151756
9500,613,0.4252692119069469,0.36134905181082744,0.38622896609135177,0.33465027145962944,0.35521863277796717,0.28679846034356926,0.40232426384266806,0.3049545382065755,0.3963401662063781
9600,613,0.45208886967003686,0.36622748979982706,0.42698667673281904,0.32668489613228463,0.3495814959128705,0.30573547810334933,0.45644372430544383,0.3088494158272966,0.4700686924358249
9700,613,0.3920096690194086,0.3672992582986452,0.4192548567109855,0.3297636379393827,0.30878310621669525,0.33148775904414207,0.43023466682836614,0.32791251750125994,0.4505041387992372
9800,613,0.4474169306714928,0.34811946104913033,0.42185980345240986,0.33253306268345306,0.27786434090022677,0.3371964882255583,0.44862364894184664,0.3400827355607468,0.4596151914794212
9900,613,0.37512948537528046,0.3357117411284492,0.3964568613869428,0.3336983907773207,0.33031629433734344,0.33655390490170634,0.42168505472480905,0.3336421217905279,0.41940362722390384
10000,613,0.386573839988349,0.3028015038084603,0.3913926524464368,0.32119337496341926,0.3194695120621731,0.33237486964190477,0.411174172315139,0.33228163362605345,0.4116459498053473
10100,613,0.3693965444767313,0.32533069653420493,0.38720830267508655,0.30050786299430127,0.3452568184125491,0.3051605349940468,0.40150491668250293,0.33335405431741594,0.3741728518970225
10200,613,0.3828149889167706,0.3146716994286468,0.38997016525021627,0.2895379551913342,0.3051232376071824,0.31956726426943544,0.37524505517576834,0.32577847716367014,0.4041745704235409
10300,613,0.3848147541013273,0.2995443616264883,0.3876267321587944,0.3169457401468671,0.32444965834422085,0.338006597549581,0.41231734330454173,0.3272916802163831,0.3789111970721671
10400,614,0.40926237666757026,0.30838388137990513,0.39894543966022267,0.3193549134933099,0.33920284972546305,0.32406071848357115,0.41402836562562106,0.3278959325489041,0.40451951810502135
10500,614,0.41296346468462125,0.32700143476286725,0.4357302124947052,0.36231862669618886,0.3453895255969232,0.33290783536078394,0.3934444232877449,0.348284791261525,0.4240273666884756
10600,615,0.4169826396631364,0.3249617881490644,0.44610757210847607,0.3413183403452114,0.30912117487076407,0.3552070688908722,0.41781908128624823,0.3403041023376785,0.4103416947180972
10700,615,0.4268275618159869,0.33546870962042835,0.4459484613608891,0.31282486117375574,0.32388156449134536,0.3650537186806946,0.44891598755341966,0.34540966348975366,0.4364517922770082
10800,615,0.45667126147338294,0.32542646056228064,0.4678412927599728,0.3284474034623995,0.3359519670377599,0.3499602725165406,0.47708304277160424,0.34962312975446647,0.48256359925754577
10900,615,0.5145911612513004,0.3443751175257314,0.43770684729707066,0.36013197293334903,0.3477224760712209,0.3506213152923141,0.49427638020977127,0.3714447932827036,0.4994209000094995
11000,615,0.4976412033806936,0.35337483914210005,0.4633744264910997,0.3748503932526537,0.3117138482886486,0.38028908080287027,0.48348354877777816,0.3749859123505009,0.4772849083779063
11100,615,0.45456415056495536,0.3676726839839746,0.4792667749891542,0.37325305081376126,0.3362598978262562,0.39092829792244727,0.4567414303455003,0.3746019415848989,0.4757959267442971
11200,615,0.4580443500687841,0.38572904713821815,0.420791845948557,0.3750811986090831,0.3362598978262562,0.3920990107930366,0.4622624843631412,0.35901900605959414,0.4792418261741459
11300,615,0.4479008485511011,0.38572904713821815,0.4428031652248233,0.381048791862365,0.3765373647145982,0.38385999179309155,0.46211978915774854,0.36810349396999936,0.45521790371015164
11400,615,0.44118428729187625,0.37966716484061114,0.4269636554295113,0.4001287635336656,0.3618906689673724,0.39947907001455,0.4650810936039161,0.3528411784371649,0.43666816712431894
11500,615,0.43874964440531583,0.37602226151147317,0.43165304605269483,0.36542449193797666,0.3715374869212497,0.3562218641343199,0.44719859899664427,0.3554602153330508,0.4355273145109707
11600,617,0.43888727219072066,0.3726630760380425,0.44036701695911784,0.3774444483431619,0.38354301215746217,0.35448212330493606,0.4646414104343306,0.3711434033438274,0.43604384096181287
11700,618,0.44544926546196184,0.3498200218290706,0.42972997699587967,0.38449556414419245,0.38080916139919624,0.4082092987582267,0.44988773257388626,0.38247120692173814,0.4671112753174587
11800,618,0.45659300588709467,0.3629569057393504,0.42927181246858165,0.4041373092203435,0.3639527268635627,0.40655192554873426,0.4403290978637371,0.396139833188534,0.46787174002514226
11900,618,0.41908373853558545,0.3790388630572305,0.44779452592421265,0.396997412546309,0.35250260853275805,0.35460949416191434,0.4318831794841276,0.3763299854780781,0.43771933416035025
12000,618,0.48909952455803446,0.3757610968307148,0.47777273188300956,0.3785170280654055,0.3557103360927775,0.353468473808126,0.46197993470360954,0.38380595936409856,0.48267400004137284
12100,618,0.517106279478859,0.40859447318267794,0.46686629927016227,0.38610117164873936,0.3951912275665431,0.3657745698221314,0.4654194304529315,0.3813150754665775,0.4591610890418221
12200,618,0.49745312033353395,0.41747605324140163,0.4531267680220381,0.38006460940145975,0.39187888540475485,0.38841652022222395,0.44702021109068507,0.37650150129522686,0.4260974601454422
12300,618,0.43603915647080427,0.3945109242549314,0.43670066190441387,0.39329661482872635,0.3976495902924382,0.39290243992292767,0.42760293339506567,0.38525479616514596,0.42773683875264373
12400,618,0.41944564393273864,0.393509807473877,0.4233826093499327,0.37699830008953844,0.3822236199173147,0.40084801573203943,0.4345025881005395,0.3752962930865111,0.4253191721053331
12500,618,0.4260815930466419,0.40335676375962914,0.43067695420566227,0.37670491911666737,0.3649322131124176,0.3740518453305348,0.43249266941956516,0.3889737778673482,0.43132717867862125
12600,618,0.4168561142053659,0.3839921952196914,0.4499600309327016,0.3806685661910322,0.3813456402587347,0.3728092696487155,0.4297193818998503,0.3870262062757962,0.4169023976777085
12700,618,0.4339049830378934,0.3791454531998061,0.4422536032240241,0.39301073346288046,0.3902562689310006,0.3666034409012324,0.4128838029465326,0.3847814257488109,0.4422882123329502
12800,618,0.4477857777988807,0.37802788855153346,0.44053788530764615,0.390542724434735,0.3698284053933657,0.3830116962257622,0.43354716500444046,0.36816428069728324,0.462932816512739
12900,618,0.45057218695567214,0.37954327777569585,0.43320448966642616,0.394695017161318,0.4070755095782506,0.39095484183623314,0.43495841685537184,0.3850620906574177,0.46268445545388504
13000,619,0.4411773017180826,0.38958046894238824,0.45055000422126773,0.3701713590326184,0.41832201766314175,0.39091246212377806,0.43353881095207303,0.39846489737912194,0.44910985718013163
13100,619,0.44354517514884567,0.3591380049515213,0.4426402948669747,0.38878054116877353,0.42195547106402426,0.38979359875001307,0.4463084355623738,0.4106827541641392,0.4417922047262839
13200,619,0.44508844923083696,0.3889757918181508,0.4555146965623927,0.40684101170307796,0.4241868656338412,0.4251111376046084,0.45544387906187433,0.3948731759180084,0.4438337240251423
13300,619,0.4392675474837762,0.4092617693205085,0.4341008434057442,0.4231953958691835,0.4234927873647015,0.4313259393466273,0.4353014228908503,0.39209960243611186,0.42412925803247636
13400,620,0.4066050361211128,0.4122113050735333,0.42127098028349735,0.41640239058853484,0.3990975007413488,0.41787739397860235,0.41636811360811604,0.42222358829443807,0.401915644698276
13500,620,0.43928164984209617,0.4257146170090498,0.4566792540926246,0.42301713813866304,0.40354613533400285,0.4079047637723996,0.45716246352395307,0.44364756331667,0.4173651903848848
13600,620,0.4577498648794574,0.4234189092451095,0.4803639390790848,0.41369333149557425,0.4254875178819061,0.41558082296142196,0.47897316786599264,0.4270278588724621,0.4592538863192003
13700,620,0.49053579172301925,0.42115584231227293,0.48310028465543914,0.40831810750532554,0.44507341942034195,0.40579391392024644,0.4742430370805733,0.43634505970814785,0.48323200768713165
13800,620,0.44546397949347405,0.43560361648210555,0.4614238223087993,0.4208234685295003,0.4569721865285146,0.4458882549295792,0.4570934365105829,0.412938693041757,0.45445417753243345
13900,620,0.4977328975513826,0.4278587654333281,0.5034300678885726,0.4160380746864339,0.4495085400008556,0.44275835757642235,0.4874228824657096,0.4359399493063548,0.47804877533637474
14000,620,0.4955799976380218,0.4262606779993351,0.48668521133465353,0.40501946619087964,0.43476886775092005,0.43381879405593127,0.4571494799603162,0.43534151942103555,0.49020269500786434
14100,620,0.49050187529574124,0.416052214763404,0.4813100823131632,0.40064288868991815,0.4510154867181869,0.4137190049427044,0.4698351061544742,0.416798473264038,0.4791548260307436
14200,620,0.47600937275206223,0.39747688231395445,0.46650917558809096,0.40633395741402406,0.4578619001688659,0.41089487784654627,0.4521704624540765,0.388321189064292,0.4629150659042551
14300,620,0.46632533390842856,0.41985058320862717,0.4905755792699338,0.404658506740991,0.4384421973272156,0.4016474924754201,0.5184908265674888,0.38809696370753477,0.47324777867519346
14400,620,0.4996127421454022,0.393800713550876,0.5391252962992547,0.3936127119357459,0.454238153338285,0.3855867177393722,0.5272138907838056,0.42325049937671305,0.4993887571991519
14500,621,0.49060979608066124,0.4252965942111244,0.4861801769924426,0.3956221940766061,0.4062616045943124,0.3818490085580771,0.47784306623022343,0.43049782565130323,0.5031636299936402
14600,621,0.487478521326857,0.4252419891254998,0.4995064878575556,0.3893286122895938,0.4219660135489681,0.4004967797209003,0.493288763928818,0.42609059146044037,0.49039812563851753
14700,621,0.4979721643747182,0.42218846431857665,0.47593448216749495,0.405568430873791,0.43126876124057745,0.39448444549362954,0.4933491674772503,0.4170601571750638,0.5058265024097406
14800,621,0.47477055484524033,0.4061232252885603,0.47446211043277026,0.3971161782727309,0.4119585081856184,0.3969070701636769,0.4868853101191079,0.41631011790346417,0.47488614422585285
14900,621,0.4769703361182524,0.37239623183016285,0.47985543590099944,0.4032986771161432,0.4494528142414525,0.4287829013859607,0.4933230809554931,0.4117041494223081,0.4603545318675362
15000,621,0.4829744355361526,0.3937402607077579,0.4804765748374593,0.41492696725840456,0.45646532130606937,0.40954284095843585,0.46098392281208095,0.4152499223328121,0.466860276370116
15100,621,0.4574150082178747,0.3873824866331225,0.4471381544604348,0.397057841446903,0.43493049970936615,0.40366600049223916,0.4609316801401499,0.42112732011784326,0.4589574815405006
15200,621,0.4238372766517007,0.40426300652145974,0.43950245093727713,0.3908773188189001,0.43541197571832024,0.41367115577543373,0.4294869495998223,0.41783918187822966,0.4287908835259705
15300,621,0.446962565022734,0.4159128405660178,0.46284665458297425,0.3895051715807671,0.43497401607697883,0.41591002670986643,0.44731453636025187,0.420556692421381,0.4499735865889088
15400,621,0.4570148503456788,0.4174977042219072,0.4748548585245512,0.39997800420919555,0.41717256656990814,0.4004806366269562,0.45994498185339483,0.42331682450335023,0.48287440285162464
15500,621,0.4529663747295943,0.42335636542557437,0.47282079736736615,0.41565866765957,0.40713145136476736,0.4089456832365967,0.49222059270243507,0.41705755229781843,0.4558609090888528
15600,621,0.4661128465005428,0.4274874463703968,0.4802806804815768,0.43622879335076137,0.4100381870704415,0.44483773681759314,0.475453667584959,0.4296252277009507,0.4628988376438754
15700,621,0.4571651554059404,0.4167184070244728,0.457813056042428,0.4250889685476853,0.42172629872826933,0.43507809939883757,0.4601446020442415,0.42759413553679365,0.45655912163293705
15800,621,0.4599198011687887,0.4278757533640038,0.45310582279840284,0.4512562759664965,0.38391636154809805,0.39145678668607353,0.4543709237083588,0.4299173540237639,0.4496969193407307
15900,621,0.44642464261410486,0.42101968342096024,0.43460473131881816,0.4394468114082959,0.40684806088668635,0.41694406934418077,0.44168922029562796,0.4351606713141898,0.4395513587943224
16000,621,0.45191219936182675,0.42518566755669707,0.4796769739801036,0.4437487016223194,0.39548911876367576,0.43829229572632467,0.4637300053306717,0.433496357256369,0.45185984099022203
16100,621,0.4659292599477922,0.4492798014568084,0.5050999645263987,0.45454819909963384,0.4162543140396806,0.4263034981978751,0.4615214523949195,0.4095382019378766,0.479046658496361
16200,622,0.5058118537573029,0.4421442266047225,0.5219994852942135,0.4266579732126403,0.4315435661295495,0.4471259342179928,0.48125841711428574,0.42391107959458363,0.4976686587704972
16300,622,0.488868418518639,0.4331841432971981,0.4825902203350452,0.41237724806428055,0.4426698896398489,0.434327724674184,0.4961013844753076,0.43417787569147026,0.4924141547936608
16400,622,0.5127094268463143,0.438072401669914,0.4838818608800507,0.43783338633525665,0.4431466692318907,0.4056063339774527,0.5007559553005371,0.43188722644353145,0.500283692468541
16500,622,0.4955488109166752,0.4281454292510206,0.5117890125563732,0.398940448966226,0.465242332135142,0.41808938314152805,0.5068284285020552,0.4200998824679645,0.4897201007416973
16600,622,0.5044961151026044,0.4248978588386287,0.5587981157629409,0.40491709226804345,0.47283070061029303,0.4304442947116659,0.5326147499035212,0.4109178448806467,0.4984070729616338
16700,622,0.5191494202559206,0.4145300608259898,0.5385441993904005,0.417486722493188,0.4558427335947661,0.4304270658575196,0.5395285008229955,0.42646442969982645,0.5208130827194786
16800,622,0.5183346698720774,0.450643902777597,0.525027519715012,0.4302179974375114,0.45825225536863823,0.4481025252000673,0.5347866458929129,0.4607692458416478,0.5292418364064571
16900,622,0.5002594545607428,0.47151918390295666,0.5415015405862575,0.43081678247609473,0.4701406631337906,0.4510093501723276,0.5377019468217806,0.4539353928330116,0.5191198061734598
17000,622,0.5439613249429348,0.4675254945105341,0.5736024185131973,0.44561348998961814,0.4525870283841682,0.4590426063799552,0.5709575281776568,0.47297128093440144,0.5308687777567527
17100,622,0.5087692484152562,0.44700203789926884,0.5590200735810326,0.42362509447758767,0.4658936763251365,0.44574475005567477,0.6030237656735247,0.4481798282750338,0.5550962374060495
17200,622,0.5529680186667949,0.4379804148241775,0.561976423517882,0.42669320807661876,0.4749448720878117,0.4263032144590319,0.5710027317783629,0.43059286927469087,0.5614066925871196
17300,622,0.549899684384773,0.4450320545045425,0.5442218737068835,0.4366319936581413,0.47766819809168237,0.41349264207302355,0.5615245688761149,0.4387387552295919,0.5512963009485816
17400,622,0.5553996117600214,0.43855845003444255,0.5512299371837183,0.40852086490581485,0.49827468475230363,0.4370068992847994,0.5674513846756629,0.44973772041705096,0.5627842251272944
17500,622,0.5586290971810803,0.4385018196048192,0.5542652653656635,0.43209294306207624,0.497541930595662,0.42872934601924695,0.5621931344946207,0.4181362582439321,0.5352714126400115
17600,622,0.5424344528930569,0.4372411762487276,0.5452879496763958,0.4097298920375352,0.46684706962457584,0.43490802803883444,0.5462381674871827,0.4213136008277054,0.5214789831467105
17700,622,0.5358994796857984,0.43000785621623977,0.5447724450869506,0.3974361072013879,0.45741312869653533,0.4282574534881445,0.5531897660773212,0.4278453830168135,0.546639486222832
17800,622,0.5410685098875491,0.4564187805740266,0.5538404591170705,0.4668579109412469,0.4809107658138339,0.4649320122039751,0.5321806544082892,0.4232092869070039,0.56999179151148
17900,622,0.5387617614288142,0.44860234678479194,0.5408515472360418,0.5049560981836083,0.47717836748643583,0.47761434754632826,0.532328209721565,0.43588898091817735,0.540238336469448
18000,622,0.5565547848463553,0.4582479344072857,0.5507872202644579,0.4899279624113615,0.4723290480304659,0.4752763418440375,0.547133874954217,0.4352358086038516,0.5499374743303013
18100,622,0.5653482192135889,0.4491474546499484,0.5633863746896037,0.46978809769101376,0.45524270333396644,0.44839349886029445,0.5482616318512263,0.4141047038335317,0.5681614518118663
18200,622,0.5555067820934738,0.4566234717479148,0.5573632821170933,0.45795706842487083,0.4603372648340716,0.4617194141906239,0.5543031998640423,0.4336345891103974,0.5477702041364692
18300,622,0.507669397045557,0.4556967061167154,0.5550919601527443,0.4715462644004449,0.46585627368537685,0.43657975746423977,0.5399931333283018,0.43869965927130034,0.5376812090511264
18400,622,0.521933573568992,0.43910908668959314,0.5226840616976449,0.44393287996865843,0.4634413715381198,0.41602560890789175,0.537016590272293,0.4362763348944139,0.5285510263026875
18500,622,0.526702320549357,0.4379711879076872,0.5194502733989173,0.43672051201181733,0.4462197384288206,0.4221126286702878,0.5179914995518717,0.4117350539345645,0.49924808188849856
18600,622,0.5458242477926066,0.4348544498106603,0.5163230000249689,0.4408498925103577,0.464330961585054,0.41076576646089813,0.5256611514711147,0.41955181383702767,0.5061189998804645
18700,622,0.5134042463850869,0.4762032678957387,0.53448939184312,0.4806986709562608,0.4462528313374212,0.4240930748818566,0.550358611469238,0.4453227371070549,0.5202739245582912
18800,622,0.5248656488331078,0.4623181941068917,0.5002309080803495,0.4707644186334436,0.4887568254995967,0.42502785399802434,0.5430746053860783,0.453800744824862,0.5266615375723259
18900,622,0.5417479856265266,0.46306134747154043,0.5257937105464897,0.4599983954058283,0.4980898288860662,0.41983333385825045,0.5414073821914439,0.4701356725917377,0.5434160588084389
19000,622,0.5325654876648157,0.45088708940977995,0.5159905320799829,0.47464613627752256,0.44256742263325016,0.46033128431993736,0.5329433798002001,0.46544955616338024,0.526604970771389
19100,623,0.5551822575518356,0.45380989088930407,0.5466426805027197,0.4703506685202817,0.45935772429944133,0.47470042161339526,0.5426252900377085,0.4548587310998394,0.5760250723307117
19200,623,0.5209318144816563,0.4681740418897061,0.5292042234993397,0.45642727290837815,0.45191732874192797,0.4806045450375695,0.5275833066121486,0.4682911175046307,0.5304690603040241
19300,623,0.5269667608190296,0.4639501219188217,0.5316093922524873,0.4494144454757108,0.4941017218666134,0.48189250919326115,0.526436900276412,0.4813676926440534,0.5234564604753874
19400,623,0.512553916211431,0.4958850495592224,0.5104388975042139,0.44561114575397126,0.4677885508776792,0.48069300685161537,0.5140896145544934,0.4894499829796507,0.5064477658536082
19500,623,0.5097805827578892,0.49236254664942797,0.514907498017218,0.4829378870772139,0.4879273023246959,0.480874859921109,0.5345973151264133,0.502058025910951,0.5215637994694355
19600,623,0.5405730601772643,0.49702052117726236,0.5315794900465088,0.46357478527856694,0.5039848304517909,0.5003259458550109,0.5584795613928412,0.48963232386448147,0.5203724562655598
19700,623,0.5273600371333589,0.49056739095638285,0.5178109144044374,0.4729324517361239,0.5161361170436575,0.5273825822367053,0.5267847299439337,0.49562835393600946,0.5123430213401766
19800,623,0.48136558940699625,0.5052631842711562,0.5188721310559469,0.5143884495855049,0.5195492357011076,0.5058184244708567,0.5015052581188654,0.5083227680756319,0.48685360757294316
19900,623,0.5255683899223371,0.5104050157657646,0.5109107543881125,0.4858431435194945,0.4847965752767141,0.5628225687467328,0.501827021276493,0.5578917475515669,0.4858340450422859
20000,623,0.5294015750756833,0.515896165629327,0.5364999573903353,0.5367303334847471,0.49364935623074513,0.5294118363682888,0.5560807244927242,0.5326445952430979,0.541813856668157
20100,623,0.564642259677901,0.5238195925349285,0.554650795914136,0.5087414754039847,0.47457759419871626,0.5193936155323322,0.5791941935066135,0.5206249567398543,0.5554204054296349
20200,623,0.5943809256576552,0.5367703603990347,0.6254190705531582,0.5062273977484006,0.5113026773926991,0.5165056858031718,0.5956921877491553,0.5352414515564171,0.5822928979987017
20300,623,0.592814763793162,0.5429737029085809,0.5971885761968986,0.5201683730718734,0.5420820661244088,0.5049598194188186,0.5746508702876995,0.5223299746282049,0.5690744191388626
20400,623,0.5642190598753685,0.5677779465818256,0.5609520135692692,0.5205192920158702,0.5614440398920505,0.5135372308747195,0.566031870753725,0.5126132256782646,0.5420591456431609
20500,623,0.5764320942115564,0.5644432604813837,0.5505615435095529,0.5232499902291965,0.5323319301119027,0.5138207598062577,0.5469000142683597,0.5549800716869924,0.5295794663601314
20600,623,0.5844059727315422,0.5065715735802787,0.5700866742415026,0.520541553264997,0.5271243385640103,0.5368859867257981,0.5966053232801904,0.5324522718011319,0.5658319696974853
20700,623,0.5894569042647739,0.5535886226208772,0.5796868137199196,0.5052941975186921,0.5066030292202856,0.533080339591995,0.5738153869884192,0.511737423582307,0.5888751592724998
20800,623,0.5778071234311702,0.5243919094138312,0.5830057719930922,0.521404355487022,0.4871158931912858,0.5253568524149752,0.5860641890917294,0.5143771713320443,0.6158488629394435
20900,623,0.5951393912941808,0.5219420048575891,0.5790717972431917,0.5351915164244972,0.4647127213417287,0.5012250167613358,0.5986790186330374,0.5034942309256535,0.6095709710496611
21000,623,0.5665044453704653,0.48597784860394116,0.5674395829077152,0.5169316439120792,0.4825087804645056,0.47999445361558873,0.5689777304979402,0.4818516322447797,0.5589683621936037
21100,623,0.5517503554667116,0.5129647044688598,0.5403949973541198,0.4766728235710205,0.4987465459032692,0.4900711217075562,0.5549331091316096,0.5218641432310476,0.5738286805931097
21200,623,0.5687910545891891,0.5302386051995432,0.511716866132452,0.4621220108855378,0.4962633180164329,0.5094618675677647,0.5416961064528053,0.5090822194935402,0.5401273222668499
21300,623,0.5719077928663578,0.5187362698937861,0.5469028347440245,0.436374477469099,0.48991459804588045,0.4903388121205488,0.5485727263189197,0.4864396885602222,0.5552657512135831
21400,623,0.558614401731113,0.5121630548425666,0.5646252739920279,0.4399586839907363,0.48085465638807506,0.47925288751567524,0.5687503309337905,0.4884510286051592,0.5729054912072087
21500,623,0.5442018006988343,0.5005570232423528,0.5166302295529758,0.4561617366683018,0.44504145610308415,0.49072825893927713,0.5450046002725405,0.5094864133537662,0.5402596321828003
21600,623,0.5342231530169218,0.49723244517417803,0.5350294594581507,0.4693999171541081,0.48977843975417595,0.4769384101066231,0.5527330276976707,0.5073930702784355,0.531486610261413
21700,623,0.5221521179479639,0.50189051172486,0.5358969963421537,0.4929923806389616,0.4990546335439153,0.4792460618160257,0.5291210614407529,0.48856494522197946,0.5347116511164093
21800,623,0.5257596514524018,0.5033558572369363,0.5145003962366712,0.4600260943949993,0.508249888049683,0.48745303174481297,0.5197150640493451,0.47592706372997445,0.5203067206194769
21900,623,0.5171157302667784,0.4996954321612916,0.5361142038318002,0.47964535377116985,0.5230660631636606,0.4996634671651033,0.5077151848070987,0.49131248074432454,0.5448438581686771
22000,623,0.5080127312392001,0.4930693641901346,0.5136289776864348,0.4908063669924469,0.48278226455541445,0.5215412265622185,0.5055802865862387,0.5221770806637891,0.5094552467712457
22100,623,0.5283316591616755,0.49313992402333473,0.554847936425906,0.5025066621217283,0.504143351217389,0.4897312764200836,0.5309612804116839,0.50437250714638,0.5250563160136653
22200,623,0.535543721144797,0.4778649293139011,0.528660583437708,0.4864225943300174,0.504143351217389,0.487274117706184,0.5325848731243193,0.49991947933147934,0.5086876597242868
22300,623,0.5417385976486723,0.48248366196626397,0.5214266035229593,0.4756044206048065,0.48864992610809993,0.4970192554912485,0.5066158342654556,0.48198318238796656,0.507964928113431
22400,623,0.5770882059389805,0.49105738782650893,0.5673379470341624,0.49035907548317637,0.5115117155855418,0.49550381665160564,0.5461113357399136,0.4813720643010593,0.5299717341445062
22500,623,0.5675043411213933,0.5087023592785851,0.565121845197653,0.5072880527875909,0.5276414321644769,0.507740671436966,0.5570528464624279,0.4891572760584506,0.5769941793828601
22600,623,0.5679441552036714,0.5050729311428962,0.5676203689497832,0.4957481955942201,0.5042060060543444,0.5002075544548825,0.5633354463490687,0.4960399239890574,0.5716186398255793
22700,623,0.5698427136339952,0.491269785298171,0.5788264098223891,0.48572430786951265,0.5098070724051907,0.505839019088629,0.5643900750235566,0.5028427976638715,0.5897904615930458
22800,623,0.5432179271855783,0.5031465830928558,0.541532249527445,0.5008498949698101,0.5308745593676875,0.494241731320333,0.5469499812162023,0.5088995137382939,0.5529408847450242
22900,623,0.5307898991519686,0.5077752538498043,0.5652534604218847,0.5117155378394057,0.5333694168666949,0.4939127172200229,0.5649629501388163,0.5235114548864117,0.5577376981910378
23000,623,0.5259744153522804,0.52081887724863,0.5328871372720974,0.5466040966185572,0.5182693623591876,0.4909045460079855,0.5296942932950297,0.5085747038969408,0.5215338635433142
23100,623,0.5353886914302542,0.5173535622300632,0.5509049849617849,0.5454172189113756,0.5190810234487085,0.5050829129097899,0.5521278920992634,0.5280977926952045,0.5369975466342941
23200,623,0.5399683439749435,0.5542069672916655,0.5737130593544058,0.5332099853136253,0.5227081446259008,0.542841326116945,0.5760736000606616,0.5441113166331147,0.5370577418477461
23300,623,0.5388142791372396,0.5627926266190959,0.5592340177484532,0.5369463194225221,0.5241246824910474,0.5785643358053839,0.5478367774476472,0.568602223118539,0.5297322369775603
23400,623,0.5382818629797594,0.5452667279477774,0.573245387701864,0.5385362767085382,0.5235010698122834,0.5369277450418136,0.5575899463256526,0.5515885784570806,0.5599639741344069
23500,623,0.5657837320621569,0.5466176884125103,0.5814681766279298,0.5648625587045187,0.5197413255948494,0.5277393327266401,0.5634367617590353,0.5257076265953471,0.5662299575718827
23600,623,0.56524378520255,0.5387582552722097,0.5594920898127764,0.5304483318751161,0.47469444703433084,0.5108527873396449,0.5650593855432937,0.5450220166388038,0.5745705564119065
23700,623,0.5586484022549798,0.5646335968207973,0.5500247165543024,0.5225250246033315,0.5068721975091207,0.5384485592403588,0.5798742019341986,0.5683885467421002,0.5641902370897406
23800,623,0.5393714548797341,0.5697095237205536,0.5356493925024175,0.538282386097095,0.5224226138928934,0.5502407290197597,0.562949711409652,0.5729232256839284,0.561899437236437
23900,623,0.5301546299106281,0.5616189250177075,0.5223636132465594,0.5415459259578692,0.5416191304379483,0.5594427887282543,0.555549029130562,0.5649346576345092,0.6022759171225386
24000,623,0.5419006612844093,0.5508436400436495,0.5779072423705428,0.5414615404908991,0.5811623577082898,0.5371781253095814,0.5911864461194228,0.5390630017011929,0.5976149461077152
24100,623,0.5964724680652044,0.5471732063583961,0.5956049719441651,0.5338309873636997,0.5953368098452565,0.5367682471388806,0.5868058456634796,0.5306025485707809,0.6227174445710454
24200,623,0.614090952459962,0.5436602234005022,0.6230694088272515,0.5447996022963345,0.5993761801159897,0.5376009995950538,0.5650860829161863,0.5317595482135964,0.5705548270170981
24300,623,0.6232498165217303,0.514667387776903,0.6182157995398142,0.5282187945245131,0.6428145595115325,0.5379887547813689,0.6055960100850201,0.5197788201331388,0.591462754288123
24400,623,0.6016874432754669,0.5338342591901682,0.6081682386201862,0.5261146345420389,0.5577879134957839,0.5398857137076442,0.5811126586257682,0.5231983593387693,0.5689189225963959
24500,623,0.5740072482069593,0.5178878841574207,0.5853284282275167,0.54371433921961,0.6272336608428626,0.5492496891299625,0.5717379629824243,0.5426883875816036,0.5458582527832632
24600,623,0.5908038209569729,0.538686439018574,0.5788692737116684,0.5640928093265356,0.6042801527772782,0.5315646804155165,0.5855312989843829,0.550940456974271,0.548732805065817
24700,623,0.555935943041464,0.5819372555350242,0.5755095762378335,0.5669394331955824,0.575981239009056,0.5567438835283641,0.5799261831307365,0.5512385909942463,0.5419891825235864
24800,623,0.5613453206313944,0.5996182549899727,0.5839977497100987,0.58451740960969,0.6322787740126249,0.5758575792148471,0.5757737325939014,0.544371117186864,0.5522497946543831
24900,623,0.5663433628477859,0.6055713766036495,0.5946876605744938,0.5893681399645796,0.5851623055560703,0.5758575792148471,0.5859086033691987,0.5512814649358821,0.5862409563809532
25000,623,0.5626855122810068,0.5774059344168905,0.5597180217129728,0.5220194521707983,0.5665886525768841,0.5755719639019524,0.5706126406206996,0.5646291216688072,0.5741696430338284
25100,623,0.5621365815325418,0.5641982924760952,0.5842478849617124,0.5642090488386989,0.5527219289712441,0.5699252407408044,0.562011339224647,0.5433383102924418,0.5633982265499059
25200,623,0.5720958472965253,0.5750765812131536,0.6506301004856222,0.5659771224215362,0.593852200492383,0.5743156158906138,0.5700274136939482,0.5427221698825052,0.6216845833931788
25300,623,0.5807961724200436,0.5656040839715777,0.6033519627290851,0.5514082881636411,0.5978553695369879,0.5756114142716434,0.5801174932517145,0.5538524210928741,0.605404844804258
25400,623,0.6227626887642661,0.5636564614042292,0.6074543507769089,0.5420696320449153,0.6143954828296524,0.5653930105614188,0.6055869020055992,0.5528450603155426,0.6408196952858889
25500,623,0.6265489902444636,0.5416467717971483,0.6255399486945827,0.538366046594984,0.6171724901295338,0.5628611986740709,0.6282590481523467,0.5443062306491049,0.6493673198444003
25600,623,0.59765859634384,0.5455903550268582,0.5912510235296791,0.5298152954196277,0.6019208913593783,0.5409978658575538,0.5726950290035051,0.5426538808222808,0.5965568553604685
25700,623,0.55523739345487,0.5313968109606139,0.5567509100203025,0.5307289739713829,0.5682326400799464,0.5331129235383049,0.5477345848670983,0.531413147818617,0.5596132248210507
25800,623,0.5522163817850617,0.5311370048099007,0.5647089810442311,0.5350513103960896,0.5729267060354258,0.5299246074789344,0.5773810451972058,0.5295039922992403,0.6191082965370467
25900,623,0.5853666228117628,0.5314940760374895,0.5991928705963372,0.5258480995544048,0.5780860967189598,0.5221179667259633,0.6175552563328396,0.5261909278704674,0.6389792536865551
26000,623,0.6074869942847486,0.5121395082176973,0.6027844448528816,0.519735206743399,0.5781774307464541,0.5026730074934683,0.6074845135317957,0.5305228546194402,0.6136202172492674
26100,623,0.5903306347267081,0.5144668715404469,0.6072856510897476,0.5175761049493618,0.5951965775036228,0.5010760566502234,0.5881808506635,0.5182314522919406,0.590153090030247
26200,623,0.5737557363812464,0.5053659283899709,0.5751233964990186,0.5070296364182731,0.6045097553567718,0.529962152141481,0.5671962210839937,0.5357369921654332,0.5823310374796633
26300,623,0.5375129102697148,0.514544389922395,0.5392566870994954,0.5174380964624078,0.589201669077412,0.5351757183263659,0.5858871656864357,0.5316459830430362,0.556260014649031
26400,623,0.5696382599042662,0.5368315718371279,0.568468944227048,0.5411093117705608,0.5625847682998616,0.5421125215702176,0.5808027191577343,0.5467494362674186,0.5513191428352159
26500,623,0.5750200183512656,0.5620836111552978,0.572858746498404,0.555193657585931,0.549771849230302,0.5516436387179959,0.636604385760907,0.5693235769205204,0.5752331195535525
26600,623,0.6623001114111692,0.5690653957000631,0.579114976184049,0.5622414230482286,0.548820220290954,0.5601158968315747,0.5933701598371509,0.5783617807972717,0.6030928592303348
26700,623,0.6081349343294296,0.560780133970178,0.6035067911681571,0.5547289928323492,0.552251156653722,0.5545067565868638,0.6064581120661754,0.5896366439150112,0.6163050695087396
26800,623,0.6032121309602658,0.5712648503196615,0.6549102777849711,0.5684554737765082,0.5565704526183367,0.5654878641204034,0.6393353631933499,0.5799301951536702,0.6298292081455197
26900,623,0.5610531152327886,0.5510266607128713,0.5784501272952796,0.5474845186864792,0.5543192476318494,0.5505383781274052,0.5584264244322006,0.5643632450929871,0.613799497805593
27000,624,0.5530044505975527,0.5366920527180996,0.579203802239939,0.5428840867533358,0.5668578035555925,0.541015880841291,0.5720600464610434,0.5483253862683655,0.6139131332665121
27100,624,0.5554417125861452,0.5262761042718007,0.558593925715775,0.535142336319528,0.6292197517375852,0.5390982751177302,0.5585760528005518,0.5518201857898949,0.5709717091463047
27200,624,0.5679177638744228,0.5368117991052697,0.5988586699864383,0.5377577457328166,0.6053114375241232,0.5390982751177302,0.5664466961709742,0.546007413720694,0.5873247875960781
27300,624,0.5701792634865747,0.5407581657412683,0.5889835356068301,0.5463911507033268,0.602465606472205,0.5550602614016971,0.5772209319749045,0.5396408615979139,0.5881717446556105
27400,624,0.571925012266862,0.5319879295977008,0.5720971028320926,0.5508564728847543,0.5871670409400962,0.5485792460259092,0.6198447378078304,0.5359913011073788,0.5813288824392975
27500,624,0.5772588079036617,0.5490088241866616,0.5857608736213737,0.5472426778196445,0.5869164092961561,0.5458768247264781,0.6104627049989247,0.5316034015579734,0.5944221375964052
27600,624,0.5698527433397732,0.5324614900223222,0.5788107380908234,0.5388125095670362,0.5780101035339493,0.5417363239706453,0.5710526527977244,0.5270570012350556,0.5871572912491293
27700,624,0.5590572557766996,0.5244055622614181,0.5682005034060551,0.5395901014465638,0.5867469942384058,0.5394247394371962,0.558876404753999,0.5285905256486615,0.5699946375651221
27800,624,0.5649136159584259,0.537568511610567,0.5603424534533172,0.5495663854663482,0.6100172644157714,0.5399199523151341,0.5875612121379432,0.5318997608148428,0.5775306584006227
27900,624,0.5707791939954779,0.5376819670468843,0.5690407721967763,0.5505389415380626,0.5760567774899316,0.5193401925121707,0.5714223243814246,0.5459314448346659,0.5725829361658487
28000,624,0.5611274929666513,0.5329299455627724,0.520749744243457,0.5272993307793424,0.5799043379015008,0.5611089800416679,0.5154142363416346,0.5582326017193275,0.5468754003064529
28100,624,0.5572925983242007,0.5084760307279018,0.5612402293482667,0.520077060067632,0.5826663687592654,0.5632883383744428,0.5535428465610077,0.5935290667201751,0.5634430082018465
28200,624,0.5756822806716702,0.5244214379385165,0.5779361458219707,0.5315412397583683,0.5822154501684732,0.5632883383744428,0.5861268209130589,0.5511298534228752,0.587239855011065
28300,624,0.5803947972344781,0.5101230566358395,0.6171575944551201,0.5537117312786332,0.58630974594457,0.5577043899262909,0.6183074612668746,0.569772804839381,0.6038168440559757
28400,624,0.5708925860452633,0.5550446674845222,0.6043731583230676,0.5718511357839567,0.5832246993820297,0.5689218933753671,0.5703034731469414,0.5617310063408616,0.5781186605748764
28500,624,0.5729420185803439,0.5713632561464889,0.5664274655900189,0.557091789302194,0.5620309466976839,0.5429048033285255,0.5512295457208378,0.5542105566377236,0.569911042535474
28600,624,0.5499370002049088,0.5707673515226831,0.5491610764169612,0.5275199453439684,0.5625430133806713,0.5413752265823881,0.5365918539130202,0.5195340320936458,0.5239626706063168
28700,624,0.5337862233984809,0.565637100222853,0.5575215527017883,0.5568178475320319,0.5573127317300972,0.5377799262894859,0.5278419545075068,0.5208571080592068,0.5118362653741603
28800,624,0.549208510432185,0.5654754039582899,0.5020154690253101,0.5372276391236434,0.5689670242964453,0.566102340428861,0.5617536991932981,0.5113736925404067,0.5139849333882982
28900,624,0.5295878997947372,0.5709246250334347,0.49941575902488766,0.5379241437119087,0.557871113609705,0.5569195369237903,0.5446602125098459,0.5217773410785018,0.49570905583200486
29000,624,0.5075723054017282,0.537370925985352,0.4802058951079039,0.5302225174693902,0.5361855848719277,0.5371855471436303,0.5281320993274992,0.5232852176413599,0.49422750495478923
29100,624,0.48951527632614006,0.5197606296837395,0.5064918570671505,0.5278318046266857,0.5273077197198127,0.5341491827599387,0.490076959322476,0.5142298966228293,0.5125325396166497
29200,624,0.5544718273473109,0.522897261875143,0.5443923193357345,0.5383333357709439,0.5215342053716243,0.533726317274337,0.5040179036380594,0.510285236327515,0.5861921283838527
29300,624,0.5543375259631057,0.5348665499263283,0.5454735842158006,0.5213770337600591,0.5963679403599697,0.5268972425667131,0.5282500504686595,0.5000878547335398,0.5422994631391616
29400,624,0.5763653296194636,0.5231052773489626,0.5297712649185885,0.5242650597051512,0.6103031929480941,0.5276636931216192,0.5206758549149281,0.5158550578312779,0.5510570347553532
29500,624,0.5605589330035015,0.5293277231868836,0.529585993166314,0.5198116274108269,0.5661386190980676,0.5218067419791552,0.5162010134708088,0.5220640537823971,0.5618313432962996
29600,624,0.5332015418947587,0.5285326811664006,0.5188411337547536,0.52192891464027,0.5490566641250183,0.511793334333072,0.5105976927070486,0.5297826301901802,0.5407650189164772
29700,624,0.4979225140406315,0.5393081439520833,0.5310296393551517,0.541691323455914,0.5643520295811969,0.4994260535913506,0.5064099207504498,0.5330770004877288,0.5203564621715349
29800,624,0.5038679827565572,0.5338514961850408,0.49243179410714377,0.5486986296684649,0.5565991813939085,0.5209790976651717,0.5525228957742175,0.5332044817556366,0.48427498192980434
29900,624,0.5170821643764876,0.5251778370772217,0.46182131037428714,0.5144321243549771,0.5857655904152407,0.512969878822876,0.5096769124005328,0.5160360135805615,0.4747736372662327
30000,624,0.4911867556379923,0.5468140832792988,0.4604516080833056,0.5014957776908159,0.5809399846467345,0.5294268828348584,0.4846861255581389,0.5344212729846696,0.5274873839555232
30100,624,0.5651824750413529,0.5309777603535176,0.5040559791962822,0.5274566728949157,0.5743207898665704,0.5034686081436459,0.534162264276769,0.5109168825893304,0.5503391288388494
30200,624,0.5243630941358803,0.5481192525775096,0.5153233766891971,0.5377876316824394,0.5915899855599666,0.513575884857804,0.5188790115297969,0.531825145971119,0.5567387039472387
30300,624,0.5018858935522533,0.5639234904006433,0.49472366534609,0.5486580587346048,0.620500852221006,0.525032146741322,0.49972721935766495,0.5322754251424558,0.5639031673253476
30400,624,0.5207578661815264,0.5477650834474082,0.48167707885090616,0.5501694106277412,0.6716464486331766,0.5200328708032389,0.48566065887378884,0.5278957666233798,0.5501826465866112
30500,624,0.5263786974877013,0.5307414526682349,0.48589313862378436,0.5790294606143291,0.5980733524567808,0.5257527977159605,0.5081857223133832,0.5438276451693782,0.5202220263442012
30600,624,0.5184197279546724,0.5590888566032384,0.507842884285779,0.534843392596534,0.6082013575127401,0.5365550411499965,0.495497948937602,0.5323661708046965,0.5185591981716935
30700,624,0.5369943118327276,0.5650415132535249,0.5847360380896184,0.5473288231468292,0.6229219655322,0.519697695565023,0.5296149960275596,0.5307825288058656,0.5619539685355508
30800,624,0.5863524261173801,0.5864294954796315,0.5925636528548724,0.5389361084119962,0.6502421784815495,0.5411376029267524,0.5577536552223704,0.5172645169603021,0.5717726064811114
30900,624,0.6168010386144285,0.5661111376802933,0.5847976446993173,0.5300005645972444,0.6326388701122629,0.5411376029267524,0.5449108838282948,0.5368040640615706,0.5682300393015582
31000,624,0.6307818340458989,0.5514606136554289,0.5567070759607414,0.5537325654517606,0.5875882379083878,0.542555839642554,0.5390995851003325,0.5898670604015956,0.5584268201975795
31100,624,0.6625414979598488,0.546975053726942,0.5977751058172968,0.5857900483052924,0.5785367007735538,0.5414206783818907,0.5730681979879911,0.5861822989643607,0.6029995594741517
31200,624,0.6581812480134904,0.5501234282490749,0.6336103220033968,0.5813790345264613,0.6095017184592415,0.5584339671301193,0.6067166036524039,0.5702569138254348,0.6268959804978934
31300,624,0.623814528204067,0.5608640911958951,0.6492420125301354,0.5775878900610493,0.5825500164148623,0.5840745240321012,0.6140785545821814,0.551011451159669,0.6248443719852107
31400,624,0.6162907183078976,0.5578337346387258,0.6210511621454816,0.590545347809845,0.5656007426029309,0.5916926662245677,0.6143238768955895,0.5604370507044071,0.627715636753558
31500,624,0.5957092641419938,0.5762865425703299,0.5930054362927734,0.5816560190285132,0.5572611206982716,0.6141451738707123,0.5966779651871282,0.5658759436231595,0.5941931836422676
31600,624,0.5716546547296101,0.566916896082207,0.5926636753874207,0.5901771641103741,0.5542067385646106,0.622353149660634,0.5906830539028328,0.5912424586166936,0.5937695608845337
31700,624,0.5702404928453142,0.5549993806609146,0.5931624992171362,0.5984102460038223,0.554903904729376,0.591640039353691,0.6097228769610262,0.5777242880928157,0.5706313949891493
31800,624,0.58035297072153,0.5469650088178878,0.5730590962766244,0.5597334460080582,0.5550057378762294,0.5761479051082813,0.5870577670946016,0.5619820449460502,0.594087335040699
31900,624,0.5634043651151825,0.5571504098933289,0.5565143613100888,0.5400092661828764,0.5592093609374639,0.5679169740765011,0.6177379298649147,0.5638442273895413,0.5862969911987211
32000,624,0.5680060565751602,0.5530769034769006,0.5827478510818694,0.5533870856275956,0.560666934597026,0.5731711888109816,0.5740507814224409,0.558762012334936,0.5751810615951223
32100,624,0.5498337876883711,0.5482179242265601,0.536500203808905,0.560684856892908,0.6199867393782749,0.5345763526074522,0.5723336542235568,0.5597254607302959,0.5556545782511707
32200,624,0.5611570558123885,0.5344615301178192,0.5455167860393965,0.5689909959507691,0.645785834694357,0.5409364355710441,0.569069985378825,0.5637969556151154,0.5721018549814927
32300,624,0.5785174821446931,0.5332951121219239,0.5694959527885235,0.5479746493105886,0.5746520018725778,0.5380966360724476,0.5646539426123091,0.5483881970621058,0.5810593563550119
32400,624,0.545692250564054,0.5347562325176978,0.5530721979485609,0.54811910581132,0.5118804294335475,0.5500345401214664,0.5495876210980843,0.5656688837489146,0.5510450653534674
32500,624,0.5458073857889645,0.5804009592365663,0.549565473660703,0.5638121605683868,0.5010734271182133,0.5664472998846029,0.5697529762486456,0.573426841597558,0.6082847988440249
32600,624,0.5851287532181507,0.5804009592365663,0.5980899312670063,0.5461158931616688,0.5823578201367565,0.5634692133080665,0.5981498448987397,0.573426841597558,0.6287287209798949
32700,624,0.6148150631331869,0.5583173269557424,0.6034322590967223,0.5478073982709232,0.5630019388183889,0.5558711096673878,0.6059399129215063,0.5757607791112413,0.6537332434264455
32800,624,0.6269431828228474,0.5253959033062139,0.5874458773722944,0.5426956063608775,0.5512429128920756,0.5306905481860735,0.6036532311995623,0.5860719004248618,0.6101511860672744
32900,624,0.5923517777984333,0.5250520470612628,0.6004161515002666,0.5591727227209723,0.5461147964962897,0.5174475453958697,0.6083381801795987,0.58525920310585,0.5906491144137183
33000,625,0.5616282632852355,0.5317662983510484,0.558811970519545,0.5551190710135122,0.5345101737640515,0.5536103364787643,0.5801232425890851,0.5612748821055289,0.5858904733328366
33100,625,0.5742808327830305,0.5723383758108196,0.5606423890628188,0.5678277661001887,0.5706810734024864,0.5582912484894914,0.5868933100981832,0.5705684744305779,0.5940144869051663
33200,625,0.5652763614925245,0.555117400478216,0.5813312959281013,0.5632452113953987,0.5563874118427545,0.5780697449065414,0.554826416792232,0.5629094906784288,0.5825290520888831
33300,625,0.5786742435192377,0.5455719566006184,0.5780378543895771,0.5707585414995185,0.5664992574166324,0.5800518010023807,0.6249755254595297,0.5710863623808496,0.5825700222590667
33400,625,0.5628422465637024,0.5732689287000834,0.5643501894069685,0.5625488731059267,0.5674160795375467,0.5850861863140728,0.5876978260203697,0.580836920806962,0.6180375281119084
33500,625,0.5628422465637024,0.5713658909744719,0.5951368412517494,0.5614521916182627,0.5697741045170942,0.581610181494424,0.5998315663552021,0.604079416063957,0.5774775618066453
33600,625,0.5781448560954403,0.5758906937425353,0.6144275629995586,0.5822798180601496,0.5470272505591414,0.5415365961391145,0.6454562033268904,0.5577371435786995,0.6039690955952952
33700,625,0.5795342867987987,0.561595416795044,0.5857830478654675,0.5805578968413466,0.5627964234046855,0.5368627453603506,0.637701713045202,0.5433563589074668,0.5983439106887812
33800,625,0.5604203849421963,0.5522049755857151,0.5619728687711738,0.5563131084695272,0.5177982646144765,0.5288428039630817,0.5642263445424948,0.5626386311907776,0.5655478011778324
33900,625,0.5503225234805329,0.5449076216829489,0.5471048428500007,0.5666612428494465,0.5665301221661138,0.5455740490529659,0.5507428337937298,0.5645124542594797,0.5737942995025581
34000,625,0.5809770106040871,0.5648941185627703,0.5593228365246361,0.5518609887647113,0.5624307804385841,0.585556007971328,0.5581153836053326,0.5652582892721993,0.6240633643621549
34100,625,0.5822621386443264,0.5634721682909439,0.5807487439568384,0.538446048948606,0.5945310741873983,0.5625045391264464,0.5815639151427222,0.578489602813703,0.5904036759061803
34200,625,0.5978781419719755,0.5339708140717323,0.6005281304958765,0.5089711998588367,0.5910014940735077,0.5326846203197213,0.6114687010797483,0.5407660186807034,0.5881172681419572
34300,625,0.5475580224085622,0.5063863261531333,0.5474849222070373,0.49412836821682127,0.5684408848582118,0.5141759732921655,0.5697337458899353,0.5263857796148412,0.5715204448305455
34400,625,0.5498206958471552,0.5449119734801265,0.6172231718913321,0.5496412616346829,0.5616591304191463,0.5072362743148173,0.569787117094291,0.5088220452415958,0.5676713192610895
34500,625,0.590329250926915,0.5192873081418986,0.6116941361652098,0.5235788857951349,0.5896433730271493,0.4925150232114274,0.6046006181925929,0.5424111420791894,0.5945490239352144
34600,625,0.5994467217882922,0.5220549608188775,0.5829664061573955,0.5381320594602323,0.548351908948053,0.49005693362698993,0.5704617278260153,0.5342197808871009,0.5833007370019856
34700,625,0.5501263056578094,0.5170723664416711,0.5398501098901198,0.5131678464693537,0.6190546176277782,0.477934970518685,0.5514724102814471,0.5278045282470066,0.558855345989375
34800,625,0.5570258121032369,0.49705288656019986,0.5529684072711517,0.5179401555341164,0.5468601904798238,0.4832505284672511,0.5376134983374355,0.5316163580610814,0.5569343744166271
34900,625,0.5394333159249225,0.5005175172921129,0.5539609311381142,0.5185134972276548,0.5428233791240483,0.5210570629729073,0.564651740255639,0.5317824849910311,0.5689691414818929
35000,625,0.5580383212130332,0.537528975868881,0.6452519528867202,0.538564932854656,0.5753135673274903,0.5072692675263398,0.5770087216838765,0.5210908899308528,0.6099248068187474
35100,625,0.6234126841950611,0.5529881367470298,0.6405362443825988,0.5256500496196873,0.5694196318171634,0.5068045945748062,0.6139990065467852,0.5187421083339228,0.6198785104950332
35200,625,0.5831704663339512,0.5469855637598764,0.6137171741960719,0.5367598569901655,0.5565318050818947,0.5281655192743405,0.5842190396178132,0.5220394163766738,0.6374743562872737
35300,625,0.5715604042823695,0.5404638786503819,0.5902306073363314,0.5213107985944943,0.5425960658346141,0.5318128294053579,0.5858488069445197,0.5176852071505995,0.5820846767356037
35400,625,0.6368546135397071,0.536726231973633,0.617522194824414,0.5358297650553187,0.6653573149578289,0.5354511741878888,0.6393152499719038,0.5369294050294887,0.6267465560296305
35500,625,0.6619907278717546,0.5456936587705861,0.621667512049869,0.5396497337973672,0.6365165362953166,0.5456218292777214,0.6316261723645387,0.5593787578528496,0.6172280366660174
35600,625,0.6502824665297742,0.5775172320111912,0.6225045882748992,0.5308897340904185,0.6667563299955431,0.5687791730000203,0.658125859309655,0.5498664406793484,0.6303660084478717
35700,625,0.6974264395630108,0.5551501925526017,0.6523014202691431,0.5629879408572985,0.6335821589779567,0.5752964543086335,0.6649458242637286,0.5417264260130046,0.6746945964188059
35800,625,0.7477384268098028,0.5424226775708767,0.6772285450075021,0.5523395104081902,0.6205085675450204,0.5920047858717813,0.6994487702845397,0.5419218345151305,0.6815707397080455
35900,625,0.7148361956222588,0.5477515649149052,0.7096970093859798,0.5314125190288418,0.6073739807412432,0.5703805885283731,0.710812261603481,0.5357110792106695,0.6884821423261274
36000,625,0.6864435427989869,0.5326103267502998,0.6795667605051975,0.5422366677915744,0.5989093705064966,0.5551898250707221,0.6772635381142711,0.548962979273336,0.6938314074228816
36100,625,0.6512603304570704,0.5326103267502998,0.6820577439760939,0.5379833604477761,0.6763441366356078,0.5399470741431,0.6399134512775714,0.5804313411794912,0.6625609801296738
36200,625,0.6609299132411305,0.5137284114082902,0.6910172426516045,0.5441187146500586,0.649957009036999,0.5208996226581503,0.6533244456709504,0.5933405355782075,0.6741220090205648
36300,625,0.6707817175792975,0.5050320332392038,0.6835472007751535,0.5309049954656597,0.6245126009605008,0.5204551902857175,0.6673154976891718,0.5907579685773022,0.6754691933582119
36400,625,0.6646576110698337,0.5050320332392038,0.6821489460048582,0.5419927838613873,0.6236026549327401,0.5525404221172803,0.6797168451241686,0.586374579777948,0.6787192016378639
36500,625,0.6399492037159852,0.5752139941597867,0.6248584319989686,0.5654834515946031,0.6232688911191835,0.5514293516304478,0.6396628486908665,0.5640181623135614,0.6454194419775358
36600,625,0.586160026531695,0.5872813152329486,0.5839794962510576,0.5587889265882885,0.6172456159102788,0.5491124827201083,0.5955939848697422,0.5614464835656295,0.6065927482416524
36700,625,0.5547679001224289,0.5665798764289595,0.5578714341595714,0.5501123619384786,0.5889503663434279,0.5338908060903178,0.578765937619992,0.5503271309943855,0.5566989143063159
36800,625,0.543825343059074,0.5672022251711636,0.570492443174715,0.5694994093107004,0.5633459013002672,0.5563404488551214,0.5717449282522863,0.5728282246231748,0.5567180225082475
36900,625,0.5353734520870289,0.55084227361087,0.5319001999367797,0.5473923953169446,0.5542176660983821,0.5532259195359399,0.5539212002057428,0.5556771766037952,0.5363300766725244
37000,625,0.5219278521295923,0.5266110594634006,0.6196133417597642,0.5294662498172366,0.5376086523028457,0.527319432820062,0.5364152784214652,0.5306013028135984,0.5277650525101214
37100,625,0.5102227852202721,0.5329305038405743,0.5575966487971539,0.5152736683684425,0.5268781912785049,0.5188458675399124,0.5532061733718915,0.5126984260390361,0.5124113342091469
37200,625,0.5669014564361768,0.5257180597935898,0.5848686621038829,0.518791638477012,0.5435221764553418,0.5543970152420232,0.5346479829847239,0.5843077502952552,0.6073078898461669
37300,625,0.561574686448848,0.5257180597935898,0.5392637365744766,0.5308355828165614,0.5443802870086702,0.5542632881197355,0.6014610164242596,0.5562139499453103,0.5772196090307005
37400,625,0.5982635831551415,0.5521626364943207,0.5735651129749394,0.5122466380900177,0.5824707955916368,0.5542632881197355,0.5604089254508234,0.5383506213432311,0.5571783625246971
37500,625,0.5606045261059168,0.565328671526083,0.5356527275354489,0.504847878024113,0.5619265160227925,0.5643663942812449,0.5604089254508234,0.5515748269093159,0.5416215298446979
37600,625,0.5339151965008261,0.5744792862123883,0.6149677349521776,0.5333907092989942,0.5457102604525227,0.5714048024186638,0.5493159524937702,0.5715242218617509,0.5759572340875939
37700,625,0.5096455769019804,0.5619165342443474,0.6143130003048538,0.5608011192072727,0.541073625422011,0.5679220272031377,0.5910960253467297,0.5873139799313717,0.6074987874630415
37800,625,0.5870401847976288,0.5768669072782507,0.6475400236536364,0.5944638447322586,0.5378789323602553,0.5555239692969274,0.5912699409900122,0.5702113663389695,0.6965853623694436
37900,625,0.5604218420501788,0.597732021493398,0.6544943100846276,0.5789009419866399,0.5361758694217572,0.5482896972291115,0.551361718838237,0.5742633129545432,0.6088797774200948
38000,625,0.5811503411496092,0.5752888177436822,0.6832417589123646,0.5823168433112743,0.5498207852999152,0.5475029666961282,0.6558643191220606,0.5734820020640111,0.6033441843219294
38100,625,0.5863652319193047,0.56382268800146,0.5961940601202378,0.5618975812590474,0.576010516956512,0.5427544977799333,0.5981868418397417,0.5788606096014289,0.5913204178944731
38200,625,0.5812710313599873,0.5700934225110346,0.6016838191788074,0.586911629702527,0.5920316342638217,0.5623824708062651,0.6014197984066387,0.5875849082009641,0.5876120505061013
38300,625,0.609293784388501,0.574292408639335,0.5847981090107113,0.5878234556827082,0.6269081258858888,0.5837228429551519,0.6219759388466903,0.5740886284841444,0.5840524995023744
38400,625,0.5982677849482865,0.5743908052357378,0.5793228066219012,0.5897196263797221,0.5935200800664082,0.5853809522759145,0.5840984203987666,0.5768096625303378,0.5715586969588188
38500,625,0.5977450798489681,0.57031455876558,0.6508486356980607,0.599580336067192,0.5700150660908038,0.5923335236466638,0.5631801148141548,0.5770499369065134,0.5707938219301472
38600,625,0.6184455095886152,0.5849562809785619,0.5825448183156502,0.6003466917058055,0.5482180295293398,0.6057258786330264,0.5654827956943425,0.6013924811640455,0.55451627001991
38700,625,0.6165938424312902,0.5780264930396775,0.6190680847302041,0.6003466917058055,0.5810127517706615,0.6240267511842756,0.5612171146843535,0.6218234304730534,0.5517179324344056
38800,625,0.5910174557484549,0.567177239911968,0.5878553269090017,0.596719107142111,0.5813217383557557,0.5998609080315966,0.5774354704702015,0.5896970726834335,0.5915886738129298
38900,625,0.6076831604505596,0.5758011371466842,0.613199007597152,0.599374046504079,0.6336225580273607,0.6024864890499344,0.6313115662779403,0.6092934202049399,0.613773760553996
39000,625,0.6780399495413629,0.5888761180840945,0.595171079840408,0.5826516399826209,0.6542963847361045,0.5762997572647874,0.6176249390976782,0.5943485935279904,0.6329078145080942
39100,625,0.6276869491660898,0.5786157526801516,0.5834075146126555,0.5678203065916672,0.5919497134892975,0.5692858219433213,0.592528790990673,0.5862703565761935,0.5906230003257806
39200,625,0.6027155210285301,0.6170115616653659,0.5729430630727451,0.5878714703196615,0.6018093979422241,0.5672593235587255,0.609797962845347,0.5863984002084199,0.6161172317842695
39300,625,0.5931212462464259,0.6054490983038769,0.59556849340741,0.5878714703196615,0.5971769641358647,0.5840696243268708,0.5981635028282251,0.5652755684989356,0.6506860708915552
39400,625,0.6056491838026609,0.6254223926482878,0.6187750021284295,0.6234824791416205,0.5887963527417579,0.6047546862371128,0.61849688605077,0.6109045121668493,0.6450728108535619
39500,625,0.6378668481064411,0.6240936958519145,0.6394230666301878,0.6081607747130786,0.6166754266354993,0.6238524623060981,0.61849688605077,0.6371267653913611,0.6988966457625111
39600,625,0.676673230303016,0.6172497412689701,0.710949708089525,0.5882058997634673,0.6096779116070944,0.6094426081184048,0.6206166884528974,0.6303711012032243,0.6375300172165382
39700,625,0.653970629205915,0.6082488271155421,0.6408408605178083,0.5876122544343775,0.667591428113352,0.5897492006082083,0.6385580201927632,0.5947355757951664,0.6152879344411759
39800,625,0.6292639305907912,0.5904471312531708,0.6647854685647681,0.5659654507248183,0.6317542139725717,0.5712623337428235,0.6101715256967168,0.5828350488425436,0.5755483972519195
39900,625,0.6903744554256097,0.5501713746877359,0.6489633450323974,0.570133976419109,0.6317542139725717,0.5706065250258956,0.6103653010042466,0.580711280425279,0.5906516534082663
40000,625,0.6560056598954095,0.5367162867429316,0.6536271687522822,0.5491967558784172,0.6473262509874415,0.5902455542255163,0.6370818374110327,0.5624062846423973,0.6501004440201095
40100,625,0.5734848889268424,0.5380346625708281,0.5956230864047909,0.5797388843891957,0.5876917419122307,0.5794626754142921,0.5974346677367938,0.5561625554565602,0.5924624463145787
40200,625,0.5629604480868803,0.5533899262834289,0.5611289767441335,0.5722082834642559,0.5635046379320903,0.5664318528018514,0.5627662524030494,0.5476544028032108,0.5670638616092294
40300,625,0.5709918080608736,0.5533899262834289,0.5906695436604895,0.5468295355169254,0.5292410598193242,0.5392962573071564,0.5855974081501509,0.5851371954825582,0.5943612100768327
40400,625,0.6005008450374782,0.5696885193073193,0.740825444273367,0.5692111088078726,0.5371986799424308,0.5271558903991397,0.6150874754878932,0.5538616290301099,0.6989823390426184
40500,625,0.6630021454273152,0.5988536668116473,0.7360809876454613,0.5575014292303795,0.5451934266648278,0.5490575787263218,0.6572515606604674,0.5266865823709551,0.703099257002101
40600,625,0.6845088799370981,0.6321571406116113,0.7452809749451621,0.535755314863632,0.545521080423823,0.5679221647106967,0.6744446184212608,0.512938489639017,0.6967444474133055
40700,625,0.6747961119957028,0.6054142197205522,0.6988013433292085,0.5238265761399279,0.5634569754760921,0.538226486260209,0.6776492611549589,0.5102191486929006,0.7042513642034689
40800,625,0.6779642501561289,0.5457392048609864,0.712223421437549,0.537993967065496,0.5659234229202605,0.577773133458581,0.6602840528658331,0.49850720747427363,0.6323390374495312
40900,625,0.7408470177736293,0.4989952088550517,0.6551033923334195,0.5111467832434209,0.5994330034316192,0.5565665271652886,0.6749534482690115,0.5393326522062897,0.6482685643895092
41000,625,0.6802170780429414,0.587485139428792,0.6681860237344517,0.497621450202828,0.6317041213870569,0.5634418741199068,0.6440335157452746,0.5558786732403191,0.63544122064677
41100,625,0.6129105979844001,0.5896488644714544,0.6053671879261499,0.533458592791371,0.6045005569149056,0.6178105175510417,0.6142992469421571,0.545410742487676,0.5910846809912078
41200,625,0.5974983340929332,0.5909880303510688,0.5600711930175918,0.5476123723528286,0.5777031489638759,0.5975190234656692,0.5776360920323927,0.6033949382074729,0.6099102217988104
41300,625,0.587258698060308,0.6484281689022923,0.6385053850603553,0.5942042626859152,0.6064101785531256,0.6147075237087987,0.5714343812326962,0.5997829199120405,0.5758664278440021
41400,625,0.5898655756076604,0.6446723996411236,0.6209235499408637,0.5968394714434401,0.5921809561289547,0.6054633172017001,0.603085556390093,0.5945544520373369,0.5700973217396675
41500,625,0.5906273650216636,0.5743116628503487,0.5765812185647898,0.6769607481855455,0.5921809561289547,0.6035651787195269,0.611191638333851,0.5965003087883534,0.5360884419778502
41600,625,0.5757779079462373,0.6036875487742203,0.5830615808567607,0.5824799465375824,0.5760979050605375,0.5854038971942266,0.5839129542104348,0.5844168492719394,0.5403284608303937
41700,625,0.5539153310983187,0.5687870662884615,0.5603543104515345,0.5411181427184595,0.5697928249894297,0.5721190038146162,0.6118773155543666,0.5698221783987549,0.5407051183909164
41800,625,0.5248999580630838,0.524301219313998,0.5615465623787353,0.5659771680536068,0.6278476154331432,0.5634577038962856,0.5504729420487104,0.5554149184328675,0.5209210680557805
41900,625,0.5515013506153196,0.5341786397341052,0.5257878567445983,0.577147402193194,0.6649384407754045,0.5858348437677939,0.5257319815668816,0.5676756064453076,0.5652405998706942
42000,625,0.5368340301634283,0.6109457058804816,0.5813812531465213,0.5782179263170821,0.7139859655548024,0.5603221222296881,0.5884465650650823,0.6076882760563405,0.5824605326410175
42100,625,0.5957021041894632,0.6294260840701613,0.6463707963833144,0.5637633598453057,0.6557573723054174,0.5609769169515019,0.6308685280175828,0.5870958499370172,0.5931170078357584
42200,625,0.6079343764366372,0.5981545688078883,0.6309791924593136,0.5538428291809917,0.6256323186786203,0.5744750159240514,0.6346902592661647,0.5763607082625563,0.5906756740243377
42300,625,0.6468737539091235,0.5761399726542942,0.6193756418298673,0.6025889166389661,0.6265337911577596,0.5771775760104932,0.6576205981010915,0.5669035118413375,0.6326184670423447
42400,625,0.6384214102457736,0.6117335317943347,0.6319707635716757,0.5970457068838488,0.6191927494676185,0.6402866137867409,0.6045047236353978,0.5665678083719758,0.6610718045117208
42500,626,0.6358583459182204,0.5953333659471357,0.6206458661089153,0.6259392995502167,0.6129852984083184,0.6281232586259795,0.6310406078888076,0.5609321688898505,0.6389119904379265
42600,626,0.6400550630150368,0.6237142910586276,0.5886519537296567,0.6067191991214138,0.6017768780173843,0.6311993869499201,0.5855983296412143,0.5673236753976056,0.5939623415740642
42700,626,0.6334661910790357,0.6101983214829692,0.5886519537296567,0.6536699643898212,0.607778401684599,0.6157056811053397,0.6112022744058658,0.5787975432319425,0.5901531976318606
42800,626,0.5970866907042202,0.6032984921432374,0.6306306418417469,0.6055664643822493,0.6112390882731246,0.603947250518528,0.6034071876450385,0.608328707773935,0.589233185086198
42900,626,0.6110601984418477,0.5744464630251047,0.5669947370678471,0.6055664643822493,0.6196194598274072,0.6233495301940383,0.593548792817731,0.5796374240005359,0.6062858840229494
43000,626,0.6129316037549424,0.5677803213938629,0.603499517442449,0.5768974353064201,0.6301673360779417,0.5789261966888032,0.7061961083155176,0.5723770320934755,0.6165597900864028
43100,626,0.6092053280604477,0.5589371348946925,0.6246865261108607,0.5604342117697793,0.6596419255113505,0.5590672610756737,0.6811730663042183,0.6148854189416458,0.6360778440741018
43200,626,0.6092053280604477,0.5586662841061021,0.6157179334969478,0.5587213852259839,0.6131858956398357,0.5565165424392873,0.60863530166602,0.6179356087053275,0.6103237474856137
43300,626,0.6044169964123255,0.6152183836846064,0.616088282510211,0.5854403524149744,0.6101196956747091,0.5876750364626161,0.5971336173204653,0.5847206959358442,0.6160973556836293
43400,626,0.6232267218096198,0.6160544497015367,0.6049673913817599,0.5902698966474602,0.6133952211400994,0.6236661720418665,0.578621072153358,0.5911663833606708,0.5772726203679683
43500,626,0.6066915661805583,0.5961175643942465,0.5704472579816956,0.5774748969560413,0.6418735932285332,0.6135075911675146,0.5613738815633756,0.587997207629371,0.5484926886940594
43600,626,0.5678510168016415,0.5961175643942465,0.6145722753038494,0.6047603995011281,0.6184539500143855,0.6166409275077799,0.586949265148246,0.6087671110804735,0.5177695272514176
43700,626,0.5320249222921017,0.6122145923332453,0.574555147229116,0.627579755264622,0.6162173988855957,0.6145286690253736,0.6022998676431621,0.5833908832358639,0.5153610375768157
43800,626,0.5862542564260564,0.5919967756645145,0.5703538911125922,0.6016309649249388,0.6853522426579791,0.6236182837559933,0.5758906911895187,0.5682652265395656,0.5193763262885166
43900,626,0.5910197213271945,0.635376882643661,0.643450555919794,0.5979809576401135,0.6677720536020966,0.6421367954798367,0.6072305986821761,0.5819789649544359,0.6078473605738685
44000,626,0.6415027375699797,0.6218154517279719,0.6820617364336831,0.6404284340457785,0.6443711872314608,0.5992656561621337,0.6567960609970743,0.6259960185230032,0.646424491345436
44100,626,0.6097313029593625,0.6194624636434999,0.6369303743915962,0.6007586791465405,0.6597382143677469,0.5792926203454647,0.6273941975819255,0.5974254224853913,0.6247333452110417
44200,626,0.5855080484327296,0.6306058180836196,0.6122756240685107,0.5694956748717458,0.647771443174169,0.5654034742542908,0.62693344838334,0.5877095203826578,0.5882119710991107
44300,626,0.6030375676252518,0.5915636525221735,0.6226668127053094,0.5694956748717458,0.6465283080120762,0.5631576149208072,0.6417731522724514,0.5770640565731375,0.5893885233650458
44400,626,0.6168342949236875,0.5834891488806704,0.6291548614817865,0.55192299153461,0.6554636313475574,0.5953317931135084,0.6203790048047215,0.5686628870973853,0.5793421880874867
44500,626,0.5780309804473258,0.5852135259222756,0.6301035902982738,0.5518440311309735,0.6450974811166963,0.5732001317801781,0.5903891123003102,0.6309989721596986,0.5717649461733755
44600,626,0.5811651536892037,0.5671825527485166,0.6000908580732172,0.5518440311309735,0.6684105269267441,0.5937505587202009,0.6250925256332565,0.6118153682320085,0.6223075307413475
44700,626,0.6320800835764391,0.6120321819681115,0.5999611395564379,0.610271541468351,0.6297453336429464,0.6262626978653867,0.6180612764884392,0.5977632000539459,0.6173647433516252
44800,626,0.5986265545021152,0.635518616907216,0.5773976962665368,0.6308151566288758,0.6553808813536033,0.6216161785152104,0.5928044622560287,0.5939177444837497,0.5730256337935891
44900,626,0.6232613953098816,0.6199554821819225,0.5986980312568357,0.6337123462848425,0.6204726689128355,0.6004232283891803,0.5933107530409834,0.6060739161501368,0.6011803942233097
45000,626,0.5996086465336773,0.6015726431476817,0.6289236680835157,0.6563741174415552,0.6300607510366445,0.606463291432854,0.5644996858769183,0.5984932358602039,0.6146032418872754
45100,626,0.6439677288195862,0.5836960344111679,0.6246244071740575,0.6440477229620306,0.6016249636231414,0.5919194203602028,0.5808626107384436,0.5842588939223232,0.5955047031361151
45200,626,0.6291815189786163,0.6311049047850578,0.6059647894120787,0.6151801572321638,0.621863401411917,0.6813750382943573,0.5884112474987362,0.5912534673602697,0.599275898981395
45300,626,0.6496281660806971,0.6247024325474879,0.5555867764251018,0.6460996240090134,0.6440029540465696,0.6317422580401129,0.6158482866756351,0.597977015204348,0.5603324856739738
45400,626,0.6016581979961441,0.5959639507422679,0.5816983278602537,0.5994824318481562,0.6392656246012074,0.5892298844714955,0.6314428380973393,0.5843824612787889,0.5626838973735449
45500,626,0.5841354593722924,0.6046681835415476,0.6585473501351023,0.5846896357269588,0.5976662418361398,0.5839904042540279,0.6485665376048004,0.6239929098432277,0.5940057885202594
45600,626,0.7646313402395409,0.5784076742355472,0.6510635084344385,0.599971361450665,0.6097880433918961,0.6425753160059352,0.7070431137759225,0.640166141082762,0.6624191728434959
45700,626,0.6559790639876849,0.5593711115146133,0.6429323907234388,0.5827880619056548,0.6010619573008837,0.65201572783092,0.6347197287229813,0.6381175215026842,0.6399437464391488
45800,626,0.732451725845744,0.548092419150387,0.6658364281266673,0.5818318605599965,0.5936447841235233,0.6384837824862987,0.661412806170548,0.6045721909252124,0.6803220837292809
45900,626,0.7172003946061973,0.5788771313208398,0.6398974932642555,0.6467368474218195,0.581540358444957,0.6180826082160865,0.677248378007257,0.5881356304285834,0.6451626206683041
46000,626,0.6801220909832254,0.6556209159427375,0.6373710002965209,0.6561467709687128,0.5665136372373536,0.6032226349447353,0.6410086178716998,0.5465969367936587,0.6359318896914964
46100,626,0.5871167921019504,0.5861127650354646,0.5926758761818203,0.5863099087630089,0.5972636796393447,0.6063728473912585,0.6072596995181487,0.5363553005507051,0.6033243531152368
46200,626,0.5436054285297859,0.5883545840061973,0.5955886719539422,0.5939663838717729,0.754071296518596,0.6224835600682435,0.5702900268535792,0.5433237835569873,0.5634587209613929
46300,626,0.6013427235924206,0.5894090270875681,0.5850741153276127,0.5706233143453558,0.7549408416376249,0.6089382427190482,0.5913631446701731,0.6182019366999861,0.6363842603887748
46400,626,0.5625944439980891,0.6336894754452629,0.6190661431225468,0.611887210743693,0.745168359599151,0.6212752599263435,0.5737868026903469,0.6268817449232886,0.631738096128176
46500,626,0.6569072698980537,0.6425096523803943,0.6504891913948626,0.6325649732384522,0.6492347339780652,0.6119562848310413,0.600512947219291,0.6335846997895548,0.6407881263934503
46600,626,0.6673184822656688,0.6502144856046432,0.6511779478546745,0.5973719233659917,0.6448322637667618,0.6341260384777602,0.6546780809548097,0.618398647119754,0.6740433752498455
46700,626,0.6153864223345138,0.6075725360765538,0.6117875320259738,0.5935698209433865,0.6298574830898984,0.620126055130505,0.5774612690082644,0.6067090296821909,0.6177275023214888
46800,626,0.5921228143987,0.6075725360765538,0.647468647135364,0.560535754599356,0.5849392072622227,0.6198597224468858,0.5656562618825491,0.6062041782712587,0.5735947466212006
46900,626,0.6835363330153674,0.5859925094557565,0.6300556846723493,0.5446613512181406,0.5944502377375029,0.6119139485382001,0.6171141250915125,0.6300407034553269,0.6370929573012615
47000,626,0.766470590981589,0.5611299093640747,0.6579590197110152,0.5717140736663981,0.5254302892509605,0.5757246553798006,0.6735824401254826,0.6304307478022949,0.6748549621419465
47100,626,0.7328691099066718,0.5774072849162523,0.672217414531283,0.6159166586699794,0.5150996494158548,0.5629690021062802,0.657144659943122,0.6062397074564542,0.6811231717121695
47200,626,0.5965531143530507,0.5569446276330118,0.7034794250811556,0.6342554873487362,0.5047208115617888,0.5843548513291348,0.6026166406490823,0.5848902200083714,0.5859860688511501
47300,626,0.5821426867960008,0.5356586964842116,0.5844819084135586,0.570866341222647,0.49439516806549816,0.5813902585328545,0.600978762673493,0.5780374998313662,0.5650781314831695
47400,626,0.6283194701150732,0.5313813717448151,0.5844819084135586,0.5952698261561076,0.4882661156774676,0.5690558445519737,0.6036965907625317,0.5857664735279222,0.6082811484523903
47500,626,0.6134108869971887,0.5417188018208988,0.6060724198427536,0.5813369926817235,0.48024889592588893,0.5711297293823553,0.6361685050098047,0.6382802978469494,0.5988601659317602
47600,626,0.602844961213506,0.5827953350007798,0.5880880881550673,0.5733885827601894,0.5125575593174685,0.583385993737572,0.5867652069812153,0.649738763155905,0.5695865700443873
47700,626,0.5805710446324849,0.5766827528150904,0.6659173333085668,0.566593613755841,0.5327023718437259,0.5469144290955863,0.5793378179229735,0.5747266956936217,0.5922946165744112
47800,626,0.5672631826744648,0.6086857920211738,0.6299545810008002,0.5926146560203716,0.5667393047681439,0.586387805763552,0.590646032210633,0.5891643424182718,0.6162587997138174
47900,626,0.6073298877116138,0.6551713597910601,0.659420545757918,0.5935548737726712,0.5521403340652534,0.6661148534336471,0.6384916364073455,0.5791032587132665,0.6511285531380772
48000,626,0.5991178201397722,0.6373334054627533,0.6363383738787303,0.5615432086212946,0.5511088615573067,0.629420455289807,0.6289433985209785,0.5640722902601374,0.6245059566430964
48100,626,0.6359241329274377,0.629391840241431,0.6464610254825753,0.5720662429963297,0.5279126270082394,0.6148150713679887,0.6184980784465973,0.5697413918785267,0.6432596670258587
48200,626,0.6028585926434631,0.610385277515277,0.5795934518124908,0.6031795603410768,0.5235684346354168,0.5855953447272879,0.5833938710322966,0.5780943097386975,0.587493251656941
48300,626,0.6681998073822402,0.5783846804300621,0.600555014637003,0.6709995188485798,0.5218718513979226,0.6588577159297739,0.6131549729088698,0.5794350434070477,0.5874288894816508
48400,626,0.6903474358072479,0.5901418039501053,0.5943566530151558,0.6080696284153772,0.5665808191966885,0.5930918203459293,0.6066523730153782,0.570283197403304,0.621331204969387
48500,626,0.6119357929644049,0.6493130853553755,0.5616788812529816,0.5888154313357283,0.5528953229247469,0.5758773216851838,0.6577405636559125,0.5722443919876878,0.601549080969948
48600,626,0.5962716068310259,0.6289342326510642,0.6670364292094296,0.5984089725495503,0.5786997618284958,0.5984174940526341,0.6380149757974456,0.5746757431500527,0.6431881392472718
48700,626,0.6428464640480953,0.60552801299559,0.5882093915346865,0.6027492221370482,0.5445555052577632,0.586653933960716,0.5969007189459221,0.5746757431500527,0.5921277888680697
48800,626,0.624312502401117,0.5861987226400075,0.6092985878012181,0.6616929524463883,0.5314206009070375,0.6084154283324785,0.5969007189459221,0.5725246002671945,0.5934359292302848
48900,626,0.653917759865934,0.5625878018011938,0.5509802791346347,0.6067309662905478,0.5341074640261704,0.604446571927107,0.5706358384205813,0.5701177192722746,0.5707400007554753
49000,626,0.5742577042069614,0.5511190589107438,0.5076049054896978,0.5887902696586969,0.5615022446921978,0.5920329462858139,0.5469354482877591,0.6207498640194162,0.5402834431997176
49100,626,0.5441404809669095,0.6045323071012799,0.5421830483724815,0.585068072461062,0.6519734719897955,0.5239906428446781,0.5234152622012933,0.5967155850502225,0.5564160773741905
49200,626,0.5610454012137828,0.6292065334524155,0.5291220664546001,0.5934757565959397,0.5654491193988972,0.518795890756226,0.5651488306164527,0.5733979048562621,0.6109754978438828
49300,626,0.5508074932445405,0.5722389822278039,0.5289598810914435,0.5757048381843473,0.5467100119582687,0.5447145944075208,0.5558844985149698,0.5681117400094579,0.6260537384663556
49400,626,0.5341858151904922,0.6249627578448301,0.5303185262683422,0.5562777042795648,0.5761241669967423,0.6102770078357269,0.598978858547096,0.603193638013075,0.5999385059061325
49500,626,0.5360607503104028,0.5856749054332936,0.5319792286322248,0.5723280087427655,0.5439904323022017,0.5919635662694114,0.5822521009374899,0.578252985464066,0.5577830413900976
49600,626,0.5290992841953586,0.6649960158796004,0.5922993620475543,0.6078480600080657,0.5439904323022017,0.5761545900366424,0.6241069766395339,0.6438920105375178,0.5396159050621205
49700,626,0.5823534253630277,0.6125830925747742,0.6090953893935647,0.6078480600080657,0.5336873717921756,0.5482586065462716,0.6180228420474914,0.5961783002849321,0.5356779003059805
49800,627,0.6588275426547675,0.5930866149180982,0.5949203920902727,0.5909987966121721,0.5651800406569659,0.5920281843424067,0.6038660945128025,0.5894580613250386,0.5847001632999157
49900,627,0.5996257075810328,0.560095996515387,0.5778076419292107,0.5746119435657185,0.565541076316307,0.5549534364672494,0.6510768481013024,0.5494074071036321,0.6407920727667151
50000,627,0.5880415959242273,0.5469920340268138,0.5339302518597001,0.6078227313331089,0.6196209906378325,0.5346992515542197,0.5879217514661212,0.5289084680066024,0.6027892018345701
50100,627,0.594203874649807,0.5676602393149782,0.5311117056285825,0.6169885895182553,0.6256778946403148,0.5328541709908611,0.6059625978749795,0.6212906045922988,0.6219804385363386
50200,627,0.6512163840220047,0.5381350169811976,0.5311117056285825,0.5643764041428442,0.5970288175241318,0.5829652431463456,0.586285359297855,0.5919814319703582,0.597314306373817
50300,627,0.5750269670851039,0.5332103324858071,0.5311117056285825,0.5448399904497137,0.5640979611301534,0.5601321190570343,0.5674473834581361,0.554894535186942,0.6501817902450465
50400,627,0.5696174332270919,0.5228410288353318,0.5076800026891066,0.5427602712134257,0.5519411108197065,0.5518558463699506,0.5254820057508021,0.5459951305537646,0.5772982718238266
50500,627,0.5556099816060843,0.5329314872175798,0.5522659056510074,0.6242473338507184,0.5416175207604311,0.5425099358597915,0.5055482120892782,0.5288523772813667,0.5246153601496437
50600,627,0.6462907553868663,0.5460968770241427,0.5740986151444111,0.5788395224331508,0.5558533857715848,0.6446800052146271,0.4850404439674831,0.5574072598176457,0.5246153601496437
50700,627,0.5659767792430735,0.5800923882111038,0.6247912876747096,0.6410189253326444,0.5732106371298649,0.5787095864622186,0.5887940856270676,0.6016102726025454,0.5669453971701393
50800,627,0.5474956922905201,0.5754573580268803,0.5294650017240332,0.5647837512794021,0.5788726060748972,0.5963122607751129,0.5968747186426688,0.5707112959070598,0.5289995938512119
50900,627,0.5422085247794296,0.5382385034908953,0.5286004009630911,0.5647837512794021,0.7059424552255542,0.5411823660717445,0.5844643540964558,0.5596262787133786,0.567225087279456
51000,627,0.5872528207575974,0.5728964264157559,0.6300678067557077,0.5469080497529634,0.5804649386332781,0.5197035122019099,0.5805481835692171,0.5715925192650814,0.6093383689673418
51100,627,0.5615319581177179,0.6038794967454273,0.6924862400712166,0.5363052758638049,0.5826520817237213,0.5734315781494047,0.5699855617652883,0.578062538944014,0.5970618101128471
51200,627,0.5581407718408761,0.6739858495203428,0.5996742466937067,0.5629062533539959,0.5845111533505981,0.5712988181408903,0.584215797134474,0.5672604230358335,0.530055048192524
51300,627,0.5430390424425097,0.6154571286729552,0.5701420479806157,0.5344303916235414,0.6979407575902681,0.5382907778107151,0.5944504550111535,0.5529161806442693,0.5093145543058991
51400,627,0.5542232820231872,0.6096901858087483,0.6304675313209049,0.5297001202566157,0.6725570134512828,0.5351867631325936,0.5180028499312282,0.5309151969451112,0.5928023253419308
51500,627,0.5548124035100767,0.5822822735316068,0.5755698170571613,0.5327594632886702,0.6596096972663918,0.5256806288461201,0.5071067696548908,0.5271035674743203,0.5901003211297089
51600,627,0.5796674763942361,0.5525909316759756,0.5659421416963277,0.5319896291286755,0.5939970474732814,0.6490725275441132,0.5562822040383901,0.524310002923485,0.5798202050199259
51700,627,0.5919563987087154,0.6016849324927586,0.5990244895296931,0.5701941070183928,0.629578014240529,0.589013950349678,0.6726131340868391,0.5473254750918021,0.5991824594159795
51800,627,0.6583302090106052,0.6197193493279379,0.6183619433214619,0.6150654072648087,0.6143293517814616,0.6310105872188622,0.6634585459791883,0.5443803907927558,0.6161947347129919
51900,627,0.6112963661267865,0.6115025850974276,0.6335059219675596,0.6495840097787133,0.604861765151236,0.6083139055376031,0.6587483389399692,0.5496072194635682,0.6031143325260049
52000,627,0.6140697382327353,0.5985944393703581,0.6301613420949116,0.5972796614819403,0.6104783893635086,0.5625147335671747,0.6000727378528531,0.5450623440936874,0.6120088432926548
52100,627,0.6034530812103639,0.6740834610936206,0.6036024987033396,0.5900684779653692,0.6370075403902056,0.5331158575881549,0.6634494358748759,0.5409688295307999,0.607925172746258
52200,627,0.6196129130173426,0.6066565906772674,0.6203651935884759,0.6344824650249858,0.5906168205337089,0.5462747692190715,0.5992993297458288,0.5343396107693413,0.6557884357727015
52300,627,0.6159708816597602,0.5870516152953366,0.5780898180287943,0.58003423561173,0.589046248198542,0.5637160396446811,0.5808483134881939,0.5449501122042009,0.5831428522253929
52400,627,0.5777434816480956,0.5955774263564795,0.6173800462711528,0.5647350443241511,0.6088225239393596,0.6136168116983903,0.6900504807960482,0.5579949043726036,0.5733627665757794
52500,627,0.5986547271636471,0.594526493541469,0.6222811530540696,0.5779600822564503,0.611917453402998,0.6285358056317998,0.6200335877152068,0.5577393895033698,0.6150484392719195
52600,627,0.6312004797056142,0.6075415063068972,0.6274593567413757,0.6270805201989914,0.6229807821623234,0.6309292317232457,0.57773425884073,0.6065459889898608,0.6355691226071134
52700,627,0.6529425756594295,0.5977145043483818,0.618113483135354,0.6008687208394711,0.6872933987330337,0.6181191113931714,0.6092690007243184,0.6124871491335069,0.590355885423376
52800,627,0.6805478412212785,0.5644151335251263,0.5925560521219223,0.5799495607638055,0.6438405353227012,0.581123071159384,0.578478675658533,0.5958117672903724,0.5747772686020642
52900,627,0.6428067615682826,0.6306348992467523,0.6284257294062585,0.6572438905500733,0.6223706442038764,0.563682573583061,0.6178258436228768,0.6256052851491968,0.5985112858655065
53000,627,0.6053457637143125,0.5868459917861291,0.5896481906041701,0.6212679840785698,0.615344876871709,0.6079823963320734,0.6466048368859908,0.6145453323885494,0.5960642828792304
53100,627,0.5739676303302365,0.5866714201454872,0.560597834306843,0.5946332277628887,0.6324438193566315,0.6014522166599484,0.5541731054103821,0.5560552817741715,0.5737828120751227
53200,627,0.5618092454877814,0.5943612696512451,0.5659400648522049,0.5928855471903147,0.5980034230257363,0.6253055709991048,0.6580084380409309,0.5606194354229921,0.6219890527409084
53300,627,0.5668571127865984,0.6711421611486974,0.5728393115959167,0.5688419911864814,0.6050824115424934,0.5851291487680819,0.6042626211963283,0.5653413679640259,0.5994859251284316
53400,627,0.5809870914165088,0.6040261445523142,0.6255019358417916,0.5742493348225247,0.59684167327692,0.5853627944539184,0.5875096244930449,0.6137372734189792,0.6146720118658331
53500,627,0.6467314653030185,0.5804959570131019,0.6632008945257344,0.5810890423816234,0.59684167327692,0.5896262194059888,0.5943223712472756,0.5784864380992855,0.6105448930649324
53600,627,0.7698076164272525,0.5470628118807388,0.6941754053155471,0.6338651997246011,0.5706241228785622,0.5867533910348764,0.6113965352517472,0.5585498307018736,0.6648636748899931
53700,627,0.6165064546654337,0.5200231611791675,0.6119088820851843,0.5939858238607628,0.6003528201147291,0.546964586001472,0.6109422649352166,0.5451014024767749,0.6187469491488647
53800,627,0.7176501211682332,0.5207111451937778,0.6059443807021874,0.5988388278022754,0.6092193554340807,0.532152032875045,0.601080695145237,0.5916592682872638,0.6808659512268468
53900,627,0.623037649819882,0.5366763532859635,0.5857310609788932,0.5919712496245593,0.6092193554340807,0.5507828572810664,0.6239063240413335,0.5792263607635301,0.6715966512066888
54000,627,0.6429494809223958,0.583537129215407,0.6812581254040508,0.5668242373656277,0.609576705803681,0.5528587980601991,0.6839561553430674,0.5832192896677022,0.6931644111972389
54100,627,0.6435059277241686,0.5879129795760859,0.692593351191525,0.6177546412880183,0.6202245037991339,0.5916801603455194,0.7239694196835426,0.5792063673775658,0.6733043293107056
54200,627,0.6566532389255099,0.6255679246059286,0.7109531186433009,0.6000248148523728,0.6220638757159948,0.629755600766032,0.7152885121660302,0.6470623437982721,0.6719320767684857
54300,627,0.6362133687229495,0.6006930051024947,0.6633485210366642,0.6028719300662424,0.6162176515589542,0.6164426204994549,0.6445343342492571,0.625226654549316,0.6352780071588385
54400,627,0.6671665652634156,0.6148259648704701,0.6470160566485589,0.5967337041034719,0.6502115511466442,0.6053289915880407,0.7170793065668039,0.6535158871294621,0.630843159282042
54500,627,0.632381606558075,0.5994999846044677,0.6465082935585417,0.6435856790590962,0.6858175786841235,0.6236439355219834,0.6595179340724315,0.6438020445775905,0.6558602635421626
54600,627,0.6684900477564986,0.6608611038233827,0.6305663947282403,0.6596687797955455,0.6481576606853539,0.6484498070753926,0.6561055804308598,0.6506572461911518,0.6359682825987236
54700,627,0.6421992566891672,0.638644738169141,0.6585805882332136,0.6233569176538232,0.624196805459005,0.6502884974811506,0.6293820308400917,0.6395067186955071,0.6610944873153309
54800,627,0.6162766512170923,0.5983887474096783,0.6162675660814309,0.6233569176538232,0.6100219901287314,0.6262226291837564,0.6465232978739698,0.6176486848870867,0.6531177729889264
54900,627,0.6288359425531869,0.5758826821011096,0.6213368604354896,0.6286011470522532,0.6062395971675217,0.6227760333235312,0.6039958849083872,0.5735669034923202,0.6194300392465627
55000,627,0.6308242496897241,0.6132536651542015,0.665848227824014,0.6380589020719244,0.6143972262914968,0.6202656079679093,0.620143327962664,0.5857017131456733,0.6048353493552344
55100,627,0.6067509386622351,0.5990451214482072,0.6192864788996673,0.589353854608834,0.596362976194585,0.6086252659364995,0.6215393588722732,0.5746861289086821,0.5948492264530005
55200,627,0.6121553734859546,0.5645735761845898,0.6044308139103968,0.5790487964805718,0.6178659029821726,0.6031841682013036,0.5975171044751122,0.5745330513388331,0.6781442365069446
55300,627,0.6601368130793159,0.5362106019800443,0.6128892642493747,0.571186729743266,0.6534070683255028,0.5401460729985276,0.6247996580688205,0.571946936421528,0.7337888243684888
55400,627,0.6541099117651366,0.5362106019800443,0.6832891283908471,0.5674296551726026,0.654428833554115,0.5305090004739805,0.7199961367810939,0.5597070564325936,0.6539466529511073
55500,627,0.6844098394485213,0.5167473237758419,0.6561153843720623,0.6019652662136132,0.6649371050441909,0.5356939845006621,0.6646981521886347,0.5278138942993318,0.6303489229678997
55600,627,0.667776296434079,0.5080397478686881,0.6536249224470628,0.6186969131100801,0.710784716734427,0.5975845251501185,0.649452162350865,0.6052886181514774,0.6286581432632911
55700,627,0.6757336621999102,0.5584704521191918,0.6084100969577279,0.6263348666129968,0.6751826746150393,0.6295119557441002,0.6349812007547427,0.6468032801454799,0.6201398767753783
55800,627,0.629399631752464,0.6510576928230825,0.616158220978699,0.645154781468895,0.6712164941047385,0.6496191684447219,0.7059281119450247,0.6235821195733988,0.6560538831964002
55900,627,0.703122988817384,0.5813160774040788,0.5884787568229614,0.6513329832319091,0.6564715456447062,0.6438898760071711,0.6319112944718752,0.6529791366856775,0.6134948153239373
56000,627,0.6546718920028461,0.5987418434652007,0.5780808291249686,0.6480681694717215,0.6561577069637591,0.6496813077537202,0.6283093335223411,0.6431145518532526,0.6165062756168698
56100,627,0.6348160256230421,0.6117111263656763,0.6058722312087558,0.6440811398501523,0.6870591148339235,0.6358955291111907,0.6235138015972578,0.6901175319839318,0.5872981033935383
56200,627,0.7110259876465943,0.6296569900098525,0.6522415733605463,0.630116442546072,0.6713176538656446,0.6015020370205486,0.6246407625036463,0.6358116676160128,0.5836598979768497
56300,627,0.6207893772533332,0.66339817021601,0.5908270597822899,0.6528314378271602,0.6630491577088202,0.6942279181900451,0.5416872995832083,0.6729983824430458,0.5930910146955917
56400,627,0.640175354616964,0.6700337122581695,0.6469999058609984,0.6012263694199449,0.6486920787459914,0.6795998254295706,0.5443106364819938,0.6705716703310184,0.5593040973156493
56500,627,0.6319908468646463,0.625765009330569,0.6469999058609984,0.6483105731998966,0.7324397123007184,0.6949379436278611,0.5563204558666903,0.6713239376512544,0.5964968118167979
56600,627,0.638142003613016,0.6526073475985663,0.639915667340239,0.6421361731048997,0.7361812428777412,0.682171441174682,0.6073585820346001,0.6936917848066045,0.6759731304420485
56700,627,0.6229997191753314,0.6245426627549159,0.6954292248897752,0.6343717154858376,0.6643499952549823,0.6280283538485094,0.6396910099940075,0.6588006996133948,0.6541721327256147
56800,627,0.6281777687289011,0.6598014831481016,0.6430577811650245,0.6721776401380901,0.6690916959901975,0.609462511062642,0.6567267332640526,0.6607752292380848,0.6131112904929905
56900,627,0.611515145453108,0.6036261896457125,0.6867305344343219,0.6207995086206176,0.6241232197282992,0.5947041770798618,0.6126437579254868,0.6346562779272494,0.6485291479732268
57000,627,0.5625697872524401,0.5826743200786528,0.5986661546735157,0.6247613072899283,0.6247441209832945,0.5786187547710174,0.587094367421127,0.6110724499436347,0.6201403236506335
57100,627,0.5449630525765157,0.559734749062524,0.586313958681002,0.5850382505889765,0.6350142757382569,0.6256975709398058,0.6851385732708563,0.666781895932976,0.5737702871982242
57200,627,0.5891569452102993,0.5662593193403507,0.6252181111838077,0.5443140875135202,0.6358576165509477,0.5949394170619727,0.6210705281305727,0.644106428668722,0.6596813237073842
57300,627,0.6309532068622751,0.5681158777849448,0.6462773644910288,0.6288433197623893,0.6395211194990292,0.5791733875429759,0.618057643694376,0.6065702929071819,0.6428234342012343
57400,627,0.6445883887852273,0.5672355595446718,0.6196059776510988,0.6303356983373818,0.6463931908632586,0.6264983682881299,0.6206022749966714,0.5772755695100841,0.6472962247401598
57500,627,0.6888305494384821,0.5670341560487324,0.6796712253271149,0.6819454916445234,0.6383165415224088,0.6486541727507866,0.6109960290410646,0.5759413319776693,0.7274650410954597
57600,627,0.6900010959962856,0.5654250039266746,0.7011293882803875,0.6109439162146186,0.6383165415224088,0.5939706819755146,0.6086350688873776,0.5685469742033658,0.6495305784673856
57700,627,0.6566043154858159,0.6294321958272867,0.6575153904915,0.6571293076039216,0.6621357739396939,0.5928008074807046,0.6132402615345426,0.5733820145458001,0.6495305784673856
57800,627,0.6274245503376625,0.6182747176400674,0.628882451645211,0.6115160597074727,0.6289996114186664,0.5738300796132707,0.6299944024051254,0.5518094195648966,0.6217245778662049
57900,627,0.6794254846761518,0.6607603079615403,0.6304476063002076,0.5687473086692376,0.605440965679286,0.5729297855587104,0.6252928869519447,0.5233485030263968,0.6275555771692763
58000,627,0.6181938003587377,0.5932385192822078,0.5996553419708291,0.5534647856865769,0.624310482246072,0.5752865199346702,0.5864518699672375,0.5324315346066363,0.6163146998088971
58100,627,0.5931902626769291,0.6218720512714243,0.6915129710599132,0.5912426596518139,0.5860362708971806,0.5881435342601152,0.5860373224979735,0.5444483124674028,0.668476329930275
58200,627,0.6183143738577203,0.5918942665819793,0.608488419029013,0.5540931644932127,0.5612462790845654,0.5625536283081742,0.5860373224979735,0.5825839960471023,0.6139011278473643
58300,627,0.567306430992554,0.5896899538420888,0.620672702848314,0.5441167345024347,0.6107280359551982,0.5480259551958339,0.6704664232483277,0.5931562248219787,0.5759913129314
58400,627,0.5601280563621124,0.5432529977073639,0.5557535295345282,0.5611704336667188,0.5729561922896932,0.5332294850694901,0.5689692802005611,0.5546711570520351,0.561631390869075
58500,627,0.6710228149285558,0.6125133654161323,0.5497290386582799,0.5345849009760189,0.6017315677284486,0.5432511585316094,0.5426326736508845,0.5498529368885323,0.5482407481176369
58600,627,0.6633777000192653,0.56020549420262,0.5491184851077993,0.5302717661470789,0.6118610373866602,0.5131550973717095,0.5332241829667478,0.5657036403769782,0.5359863783245126
58700,627,0.6269933844876532,0.550907402357014,0.6059383924980105,0.5778002988306409,0.592846877813707,0.507749749079388,0.5332241829667478,0.549980024033289,0.6167131023554246
58800,627,0.672417825457488,0.584158550692204,0.5971134307673162,0.5824783483379349,0.6235375953700616,0.5390496465218144,0.6595720739353859,0.5623406244737863,0.6316776184908882
58900,627,0.6348217986063281,0.6511544787189867,0.641659078419605,0.5830590032089275,0.5872413158496373,0.543619794028823,0.6969438298295665,0.555314051950108,0.6010345611227826
59000,627,0.6386169987339538,0.5924104377443178,0.6069025329706692,0.6186288132438154,0.5785764168562533,0.5547190202507105,0.6308000475395914,0.5528137899708376,0.6321967122000126
59100,627,0.6176804554928983,0.5745118540593265,0.6220361808097404,0.6176992841972581,0.5661641880748999,0.5512600023319238,0.6712437003522207,0.556023104192685,0.600514049799066
59200,627,0.5937195526937535,0.5682209131394643,0.5658359556904619,0.5747175991693605,0.5586513781720863,0.5502721327040575,0.5621081678971273,0.5758272963628426,0.5808651724038926
59300,627,0.552443176475845,0.5420598280432664,0.5290014383778383,0.6062474854524692,0.6020635709132729,0.5315209425291478,0.5821793693807124,0.6753152705041204,0.5720682100551299
59400,627,0.5541256442454737,0.5360571020033871,0.5257065087411913,0.5755324807420634,0.6343822066524754,0.5315209425291478,0.6408780709447626,0.5770458326986773,0.5568794391666582
59500,627,0.6142378175770632,0.5537265356267027,0.5864570436062352,0.5600058960255544,0.6072101372569016,0.5532064181641169,0.7176437124881021,0.5697981026201016,0.5952198791872263
59600,627,0.6367463713267476,0.5659419958406083,0.7309442363837252,0.5618023447252961,0.5994205263597187,0.5706934722803076,0.6596092166754489,0.61320668743592,0.6107297917957465
59700,627,0.6435095993335145,0.6143941287138603,0.6263394563007595,0.5996286746866172,0.5814777489698819,0.6117335515112687,0.6596092166754489,0.580130185270988,0.6522677535131216
59800,627,0.553524889632021,0.5623139626594247,0.6198914292510362,0.6469606223814615,0.5697913974818134,0.5945676078783607,0.5343718860428236,0.580130185270988,0.5455639460090657
59900,627,0.7287530932611622,0.560065492226756,0.5887092875177095,0.5786099408421728,0.564792573889154,0.5783369739128604,0.5903483099707405,0.5605965091300829,0.5617791435102041
60000,627,0.5861458855267506,0.5812044839677577,0.6357449691980199,0.5741596796553138,0.5900989846276342,0.6628158068502491,0.6295152490638529,0.5492239469644898,0.5626456085707772
60100,627,0.6118870793964827,0.607047933071282,0.6553047669879755,0.6057431909536494,0.672726561262658,0.660848206303505,0.59652926757672,0.5771321210519457,0.5750506465060073
60200,627,0.6075987903268089,0.5769438525847348,0.6537803770138523,0.5903628000892496,0.6146677909211047,0.6230572228055885,0.6094904154086503,0.6026602520142607,0.5914858356412542
60300,627,0.5701851749434369,0.5454186493621912,0.6159961571530826,0.5869354030527462,0.6196722266501161,0.601463360114705,0.6332773640358922,0.635383282070186,0.6156342648415917
60400,627,0.5685851369473705,0.5364531198712275,0.6034207060536367,0.5519647469841273,0.6402664237014248,0.6434682864995388,0.5836791748176066,0.6021229303192825,0.5857805198866509
60500,627,0.6264180843324741,0.5531691325945669,0.718563113160434,0.626481127803215,0.6297666368122621,0.6298711195698009,0.5800227240865287,0.6285376737673896,0.6215431422364632
60600,627,0.6371397570754902,0.6342159684807803,0.5830115463508765,0.6153679991439199,0.5811719316105229,0.6148074179513897,0.5601524857216392,0.6285483481378327,0.7215882461323783
60700,627,0.6770469448947319,0.5951660679316636,0.6243886169925418,0.6118242114881578,0.5769248449569362,0.6168913508191362,0.547582301255291,0.6232028985832414,0.5884416684861189
60800,627,0.5833530388991659,0.6000334678200105,0.5946174147090908,0.5909307777374745,0.5769248449569362,0.6512618252720028,0.6024227406053738,0.5889662476372701,0.5929054856931338
60900,627,0.627898673123493,0.6640966087710364,0.6065945816290823,0.563082767045755,0.5738563248497197,0.5532863744764926,0.5699725246435544,0.5655562673433454,0.5774796972325762
61000,627,0.6860517720053387,0.593952081737786,0.584465870069332,0.5440751983868198,0.5726579433483879,0.5414231638547218,0.5869610909773302,0.5443995382893865,0.5940771076726523
61100,627,0.6457804065440022,0.5569629015208886,0.6174669887461723,0.5878244206069165,0.608889429326276,0.5330521577798303,0.5869262425468998,0.5302971347508562,0.6779819805664565
61200,627,0.6095006800386902,0.6099415272398283,0.5901492174972576,0.5897193951032068,0.6205740913373999,0.589635915306589,0.6223528681767583,0.5980795622153202,0.6354563607280602
61300,627,0.6049607056618006,0.5861819595434324,0.5522334709307045,0.5685502755755519,0.5900523095450134,0.5605139442794339,0.6006280264368445,0.6095927948274757,0.6023038668456165
61400,627,0.5579841737756435,0.550739507979777,0.5752623941429332,0.54648618465502,0.5749107881771406,0.5687284439761937,0.5746487608121105,0.5680745830831989,0.5700780632017209
61500,627,0.577961962381692,0.5504013953958662,0.7466321575613117,0.5083663116360781,0.5991427083669438,0.5745860622971093,0.6176751651085124,0.5680745830831989,0.5429111708787462
61600,627,0.5675513687712183,0.5868931811884818,0.6276397074480327,0.5113009069357624,0.6302635424838139,0.573000914063355,0.5966022478349708,0.5758762977223324,0.5514435271045348
61700,627,0.6460403199889655,0.5932383993063399,0.5983901624592335,0.5032138266121039,0.6080303937888144,0.5617767457271835,0.6168410464282996,0.5301542546699531,0.6008638738224052
61800,627,0.6178740234456541,0.5950201426320451,0.6680778978335714,0.5006991193747818,0.6293722861594174,0.6212675005448215,0.5874794394846778,0.5808277831604443,0.6336689118978628
61900,627,0.5929927705891768,0.5759912309282094,0.6470385459170124,0.49562823699911823,0.5655206226753501,0.5975323308901634,0.6205991462119262,0.5428158944590064,0.6311497614084937
62000,627,0.5906467052517491,0.5779493103437833,0.5889289260259185,0.48760477043716177,0.5633230931753662,0.6286942418228437,0.5873102324691071,0.533406115933705,0.5822848642375472
62100,627,0.5528717527652979,0.5366041888094158,0.5307827814194626,0.4896294163578321,0.5534600484340432,0.5565884482360982,0.5993668902057077,0.5289216925101256,0.5752732118098355
62200,627,0.5526460010800979,0.5350843033721402,0.5622719604606274,0.5015522268149176,0.5454941484485413,0.558731120509975,0.6346465132058662,0.5790104649631154,0.5408120072134798
62300,627,0.5674831859621432,0.5175767848000711,0.6623681755302918,0.499076448779707,0.5442695335006623,0.6336726123953312,0.6626509542387065,0.5867066736735583,0.6071314074511841
62400,627,0.619199501421133,0.5193603849322876,0.6590114715164138,0.5475528374803555,0.5442695335006623,0.6054901587057396,0.7119606803368237,0.5916327298309281,0.6047497821705227
62500,627,0.6106180487730717,0.5127653549494731,0.6215347708455573,0.5475528374803555,0.6251168571144725,0.5546995864385263,0.6272950072314459,0.6119340379318237,0.6004517655228107
62600,627,0.6391896035540795,0.5211018170215774,0.6036020527442222,0.5846826325650726,0.6113638852896136,0.5741128204188032,0.64960416896063,0.6453559583363498,0.5915553874981869
62700,627,0.6375107900584487,0.5297407240416029,0.5808863594284239,0.5610498619827629,0.6556223544520563,0.5690878758448071,0.6551111308509892,0.5973756612581238,0.562607334106335
62800,627,0.5924298737747082,0.5827511400381408,0.5649299092427557,0.5999307176677354,0.6146343658751094,0.5877452954907254,0.5977602692396491,0.6049694587296617,0.5948444784555811
62900,627,0.5444977554073408,0.5880428416674797,0.5599724600592507,0.5958263765659484,0.6008233616582811,0.6284637191929477,0.607653899059484,0.6588386720716632,0.5783013434047315
63000,627,0.5838711934106082,0.6027139382721303,0.5516189934016189,0.6198845319425264,0.5975263031686174,0.7513024933808533,0.5792947891388601,0.6089725093881762,0.5899047706085514
63100,627,0.5612174013860756,0.6007922473379496,0.5701078910192742,0.5973730980276856,0.5809084258875428,0.6098330224750059,0.6589205465663364,0.5862181026417963,0.6197754815615509
63200,627,0.5672911965011468,0.6006655098642523,0.5793550437684222,0.6048325996264614,0.6099258582881523,0.5760838448219423,0.6632608588261055,0.5746700201865802,0.6230026426575536
63300,627,0.5985686963098715,0.5777058459555581,0.615574547451785,0.6781152117342755,0.627242992896297,0.5826136456673202,0.6363711726316968,0.5711631587434842,0.6240581266386257
63400,627,0.5902826437907085,0.5452326473134808,0.6047376172613349,0.6215309854258884,0.6814446721811901,0.5814402391456409,0.6049546173001183,0.6388024952751977,0.6494776926819766
63500,627,0.6161390432255842,0.5293452592354868,0.6648324246458476,0.6057483148804443,0.6180042273047829,0.5521837986061191,0.5851449548574219,0.592823618823483,0.6153391284377999
63600,627,0.6370580819215179,0.5116710315014263,0.6569208811441122,0.5962885497669611,0.6024169301516334,0.582224286951926,0.5843015949117418,0.5620131516289966,0.6482120331386121
63700,627,0.6842330341865726,0.5189836027281091,0.6206193438821388,0.5738107039602991,0.6037600234505356,0.5671548192201465,0.5924363362938567,0.5742235630618197,0.6044804716637019
63800,627,0.5967233988676568,0.5141942827348692,0.6011040456807095,0.5833548713071904,0.5948026738291377,0.5377837856780692,0.5688969226515916,0.5821772088002901,0.5859219649241364
63900,627,0.5678015071425142,0.5853167443210155,0.6057961855779469,0.5760321430973525,0.5966832130464325,0.5716151330419815,0.6126793297958646,0.5732726293207971,0.5947494235965739
64000,627,0.5678015071425142,0.5849482830175415,0.5932859944343434,0.6117261446905614,0.6078991179826365,0.576212503923014,0.5846486718130675,0.6060898010409741,0.7020087476761738
64100,627,0.5554950012674085,0.5930289678698665,0.6574051201553294,0.573282011470569,0.6516642212762835,0.5501485763016092,0.5740859233822613,0.5907267376332337,0.6048065315380613
64200,627,0.5617011148809151,0.631347279977576,0.628606037142161,0.5693208112408941,0.6253280902314806,0.6076817587836476,0.5718275330894097,0.5683860802314356,0.6343666548806616
64300,627,0.6073043109442899,0.5915352033905216,0.6159064538933172,0.5693208112408941,0.6403541904554679,0.611957157872201,0.6182569489123924,0.5682525485491493,0.653211747417606
64400,627,0.6820263037132941,0.5688824460034875,0.6120901067946513,0.5651605571274215,0.633815124190751,0.5763139872638893,0.6065563656392776,0.5968009977262118,0.6409599028455242
64500,627,0.6221799599075339,0.6283968149532302,0.6120901067946513,0.6199993074043572,0.6048420755078837,0.5546361126439743,0.6651429041042114,0.6282315282344723,0.617696210505871
64600,627,0.5960953278508282,0.5793069440530272,0.6362065307619641,0.5968476554030838,0.5956548580716443,0.6148730667858568,0.6319137481108945,0.5751447736514671,0.5997118504876738
64700,627,0.5962289007659093,0.5563931526198722,0.6494395714923151,0.5722632452356098,0.5732180740822782,0.5793720373940008,0.6310126126331376,0.555949834795659,0.5936328029277248
64800,627,0.6738639468390222,0.5563931526198722,0.7174864911549076,0.6161901620523672,0.6208126182765028,0.566095871165727,0.6090846324457345,0.5316966513335275,0.6165369262599968
64900,627,0.7342937396507158,0.597885073639636,0.630827526035429,0.6230167319264416,0.58187379207674,0.5624206022042043,0.6163641771493233,0.5244038947439046,0.6019141682202487
65000,627,0.6262120376400989,0.5652664790488159,0.6249140269963351,0.6021672153442296,0.5622253125694997,0.5647522061543547,0.6026209573098227,0.5244038947439046,0.6157751894539416
65100,627,0.5848954132265892,0.5963968645107441,0.6175829127628774,0.5662570002805439,0.5650685123305438,0.5901747634706072,0.5574361948543171,0.5186137636048389,0.5709045681720448
65200,627,0.6270580852631414,0.5743696521375268,0.5821428072214777,0.5662570002805439,0.5596424468253577,0.5787864409402047,0.6087247782128758,0.5202428960564718,0.5588873520472433
65300,627,0.5935014939462614,0.5487953907664913,0.57521896084839,0.5356767072286871,0.5540403267711759,0.6461156244766788,0.5784157482313476,0.5705249167175637,0.5895089774279378
65400,627,0.602592547938476,0.6271684748250693,0.5912496611107882,0.5150721508337777,0.5499927950320295,0.55255875924634,0.5640768949023329,0.57785226957485,0.5749294219869395
65500,627,0.6054844304608368,0.6073553356253579,0.5584387281164221,0.5249359719360972,0.5404473263575259,0.5422295564927708,0.5803772678218505,0.5597552028205875,0.6177930884518568
65600,627,0.6366163883188812,0.5966935572546259,0.5894826397714625,0.5402148843591056,0.5938079490927728,0.5464926745494298,0.6012681497635648,0.5889901192448285,0.6876499699507417
65700,627,0.6259914044852329,0.6268895552506161,0.5894826397714625,0.5965501892363698,0.5938079490927728,0.6106769500272737,0.6199918458945306,0.591943334306927,0.6439501053635137
65800,627,0.6429937218770969,0.62919655067006,0.606436208578895,0.627239203933773,0.6184799641914206,0.6440757415651697,0.5990000818598343,0.5926171398655546,0.6073921772314389
65900,627,0.6348195962122403,0.6512420747889924,0.6517554436077282,0.6020310313266927,0.600317700921504,0.6337370900052273,0.6162808123901441,0.6097598194384597,0.6209931302827509
66000,627,0.6046108022418666,0.6121557713148601,0.6826153204203406,0.6072014401330706,0.5765843947806933,0.6095037659362256,0.5888522512166101,0.6162266398849495,0.5992883360528105
66100,627,0.5903209747462872,0.5938034854048632,0.5936391400615313,0.6001456052049289,0.5674390815315958,0.5878340835403995,0.5765262792614987,0.6004326348208219,0.6520034543752692
66200,627,0.6218861888755749,0.5813390350805853,0.7333203815428139,0.6270063371405645,0.5575305920700891,0.6185722169742977,0.5684547665334079,0.6258682324146649,0.629231200288902
66300,627,0.6099228707589718,0.5791018101912534,0.6253938049774928,0.6609221910794969,0.6485204218774951,0.6493412485531839,0.5768231858321581,0.6109816415560532,0.6089377771154341
66400,627,0.5837792970719071,0.5814580679990465,0.5940075935390527,0.598486156261204,0.5967081617100772,0.5980758624067457,0.5667350276790846,0.5840632334436995,0.5931341019069368
66500,627,0.5813397957441329,0.5814580679990465,0.5995146293388346,0.601308570272137,0.5921163783822821,0.5980758624067457,0.5556327612206073,0.570659452233407,0.6076586224536218
66600,627,0.6308777224064194,0.5801664096483271,0.5656301234684364,0.5905809627903629,0.5748618803621736,0.6601113178211244,0.5445310343253813,0.5701080979214179,0.5604801474614941
66700,627,0.6033053811542822,0.5947661610890741,0.5948763284042556,0.5953535139440357,0.5643268301378498,0.68310489376738,0.591312608984285,0.6762521626361756,0.5925624721007898
66800,627,0.6298091963829465,0.6019059787302986,0.5948763284042556,0.6733018294348292,0.5645940660511067,0.6295714705161735,0.6168380850562258,0.628131621778143,0.5893095576693641
66900,627,0.6369127145216645,0.5912568676126803,0.6459885926936533,0.5918486023447466,0.5755694466215315,0.6329731915938688,0.6453494159272288,0.609806098682542,0.5990390124119694
67000,627,0.7106282062143892,0.5912568676126803,0.5675782684507554,0.5554416364199017,0.5701614538346222,0.5919954992905897,0.632246800182015,0.60140591620597,0.5928190751508507
67100,627,0.6562565971389996,0.6230014184201151,0.553630676688459,0.6174691564806045,0.5665704286043792,0.5768060408789547,0.5478022497160812,0.5810053234499735,0.6135444376567876
67200,627,0.5748850542531219,0.6798132653838526,0.5824649525900109,0.580577148953918,0.5554878114769561,0.5618965444849727,0.5234505957678118,0.624718663535625,0.580964829526385
67300,627,0.5572867182551151,0.628040137190086,0.6324667465692473,0.624471012105466,0.5529329615840042,0.6331182520161626,0.6759957095876181,0.5902829656323928,0.5578924171157749
67400,627,0.5928936663402093,0.6445401877026491,0.6456374719684032,0.6211670540941597,0.5504567523361724,0.6755349692016954,0.6204977377523414,0.5973028291039428,0.6254324843629383
67500,627,0.5512270961540816,0.6844774564165241,0.6238901205564911,0.6445173724717387,0.5467110648955597,0.7065880968929451,0.6499630651400999,0.6176386843430564,0.6011445886054874
67600,627,0.6113387366089352,0.6061747679378372,0.6229239333085859,0.6093994955126868,0.546440540769738,0.6153582078142825,0.6060861397646231,0.6228897539682414,0.6011445886054874
67700,627,0.6494690215549122,0.6018046853291419,0.6152437654527283,0.624226486369123,0.5940592952501502,0.5924587244437295,0.6445528987921862,0.6171284489371954,0.6489080132345214
67800,627,0.5880185143742768,0.5922061517032574,0.7582726433173944,0.6031948977456896,0.5755794715274867,0.5924587244437295,0.604650145090104,0.6476599905763787,0.6064858810065307
67900,627,0.5861482083152797,0.6125861975355129,0.6529028581893627,0.6374769861771679,0.568859812843076,0.6048867851362119,0.6283407434707458,0.6061580696516213,0.5807251223132157
68000,627,0.5763581002903504,0.5727629494335674,0.6267825329815508,0.578949902512821,0.6389531827043331,0.6383433041655135,0.5905914441625185,0.5824417853672513,0.5721817561912792
68100,627,0.6163649474034621,0.5624006775346847,0.5942220440351751,0.5334661400934456,0.6216245601735553,0.5524517099841894,0.5667098485519879,0.579049723722216,0.5612422482968286
68200,627,0.594844387593229,0.5669390425645742,0.579462806827898,0.5249460496877175,0.6001763409533901,0.5569160240763282,0.5830990003804738,0.5632733558269131,0.5523818727087814
68300,627,0.6396516593438984,0.589757803707555,0.6118846713691559,0.6053816707122245,0.5831984980745668,0.559321116372239,0.5925679217202813,0.5588586762803294,0.5441720040492288
68400,627,0.5449587576318327,0.5965922187169578,0.5886161924483915,0.5503220636393198,0.5896503850870999,0.5346131623119917,0.5786974678722897,0.5353988520560095,0.5329670266615077
68500,627,0.5449587576318327,0.5744636306749338,0.6770223760946268,0.5511271063978153,0.6171219711242086,0.530079012858776,0.5966013826963632,0.5748711904115273,0.5455535871099298
68600,627,0.5660746030269008,0.5954253383652581,0.6070534286638497,0.5365567232586261,0.6663287345093848,0.5232949643319282,0.6029860434331279,0.5520790096987346,0.5455535871099298
68700,627,0.7136659675069058,0.6447301304940648,0.6556227344083443,0.5184961959565082,0.6464941300982769,0.5770053300044268,0.6486604405958978,0.5337662722136723,0.6077621135521387
68800,627,0.6245602273705441,0.6281169815700969,0.6309417220637616,0.536494229960579,0.6209606262060063,0.5536651529891783,0.6261451476635299,0.5278005443748439,0.70655376027389
68900,627,0.5886150518283211,0.6126246712863788,0.618923742766145,0.5160979902168269,0.6049389631941183,0.574663803264352,0.6450461161412822,0.5083032145386466,0.7152898231321783
69000,627,0.5804219778989064,0.5876149922554977,0.5980499846284485,0.5097560789528263,0.5900571224949644,0.5907311903472315,0.6241202886188792,0.522382757412299,0.6063349634765675
69100,627,0.6099726948956343,0.5740538977419095,0.588506092857608,0.5164621398741769,0.5849843979632284,0.6065550169887439,0.5901890186248071,0.522382757412299,0.6561380945644331
69200,627,0.6092506760198739,0.5616684274423289,0.5922678066765974,0.5257784764764744,0.5521958569404601,0.6096125564116331,0.6050493489813984,0.5323881487465155,0.7021334558058805
69300,627,0.6943282411388818,0.5526084658404712,0.6059474598857686,0.5236473957298113,0.5917773094474383,0.594367678830442,0.6816392054156096,0.5332749397727344,0.7189549599815925
69400,627,0.6317626214625136,0.5526084658404712,0.6278285345674718,0.5893889066169661,0.5917773094474383,0.5960969376666884,0.6198062223706986,0.5316104144788172,0.6187329944911966
69500,627,0.627936643255855,0.5535367274835974,0.6242903112691405,0.5881822379818605,0.549090012056294,0.5619545691479082,0.5871237376839007,0.5326174651616477,0.6263937965181903
69600,627,0.684347839247704,0.5873989468050422,0.6318861493245613,0.584050260938891,0.5941466745952089,0.6533875599872865,0.6076690350945868,0.5382179797939846,0.6451271825893394
69700,627,0.6284465289670716,0.5514588696610976,0.6376615527192606,0.6069889320444113,0.581046838885813,0.6355068651274454,0.5916736973652287,0.5484330837658203,0.5756011757006649
69800,627,0.5779323888219405,0.5544421160088334,0.5928672572969979,0.5914883526388377,0.5534929716711418,0.6203039289924287,0.6276451116071987,0.537605044362427,0.5974249445108256
69900,627,0.5509589475488559,0.5584532527279741,0.5733272972028608,0.5664815654393056,0.5349366219408347,0.5709232970018836,0.7048545398561227,0.5303541703371488,0.5550492411459422
70000,627,0.5509589475488559,0.5380272277053401,0.5733272972028608,0.5583592999006761,0.528656347028549,0.5562225291806527,0.5648823883826828,0.5213574024307973,0.6961938159433381
70100,627,0.5555425298135852,0.5413491790522881,0.5541322897104598,0.5737937725247976,0.7009491285418282,0.5775593027888875,0.548129758989261,0.5238063370317756,0.5558901865684034
70200,627,0.491565141344378,0.5380465111803635,0.6386255184480749,0.6046236969240635,0.6001767573390375,0.578552874843593,0.5476383384113694,0.5403691591543403,0.5558901865684034
70300,627,0.507155462926735,0.5308338546742353,0.5982510719967389,0.5822287256914591,0.6276840263501144,0.6189834495496261,0.6394817933341708,0.5305935417569997,0.5403232983880952
70400,627,0.5690180979091007,0.5739212528054474,0.5232289018095413,0.5551966103727278,0.6265817880704995,0.6189834495496261,0.6048969440670993,0.5414672890528663,0.5337910216140264
70500,627,0.5199109296929345,0.6047842816449577,0.6104550314214308,0.5704801119539569,0.610301278570342,0.617475613715936,0.5952445455046148,0.5428931986107054,0.5083670664252207
70600,627,0.5048293832916865,0.5693167609509293,0.5539097820047176,0.5317708639180077,0.6199984709962404,0.5601744375159055,0.5936778885959298,0.5295978970927825,0.489238495803888
70700,627,0.48151253147609446,0.5558681870854896,0.5136115197177729,0.5553836562835247,0.5593941130769972,0.5612133681888624,0.5366217402670954,0.5260447144949807,0.4753932155991329
70800,627,0.483002979494155,0.5869435136277664,0.5900723287996215,0.553342976098248,0.5724654823530316,0.5908114119758869,0.5244819937489154,0.5806375894700588,0.4777718902542173
70900,627,0.5025033511540926,0.5752383959406571,0.5957118950156433,0.5867755127787408,0.5797751411926204,0.5475842173658342,0.5303649312849951,0.5687752092570145,0.6097582329243654
71000,627,0.5598852864648368,0.5752383959406571,0.5361096887334215,0.5728423601491119,0.573547933614863,0.5295611804278506,0.6299863251996357,0.5555558987247156,0.5662131819598867
71100,627,0.5406264920102368,0.5948902236413478,0.583860333637465,0.5348006962205428,0.645971956400547,0.528500034705605,0.6056304459507954,0.5225445473580783,0.5471871362821821
71200,627,0.5849032186651795,0.5567683896412862,0.5632199852891816,0.5310020091897993,0.6184333376281456,0.5320129470687144,0.6250363016063668,0.5225445473580783,0.6080481995233415
71300,627,0.5657484180250499,0.550473621300895,0.5749377760258728,0.5595025166717663,0.5762718373807344,0.5254586262729254,0.5763607154318879,0.5094119915438596,0.62098409200748
71400,627,0.6615651476053722,0.5323880084897882,0.5438377193542203,0.5185434874329714,0.5644241676163899,0.5237589425908714,0.5559878488297423,0.5543128389274719,0.5265210568991296
71500,627,0.5450907120682751,0.5159366446700819,0.537636465519041,0.5191830755351466,0.5816637143349301,0.5432548724444898,0.5389990759398896,0.5515699671783608,0.5251738582807589
71600,627,0.5473986301638961,0.5713194868118245,0.5896672246387987,0.5465291048131672,0.5906853899872943,0.5291520657190271,0.6068388473530401,0.5344774670040281,0.5856305447539306
71700,627,0.5995675154755784,0.5777941840498972,0.5667569329088114,0.5433212743809627,0.638209033205285,0.5178321056920998,0.5750966214042773,0.5202344998740357,0.5733324281672008
71800,627,0.6067717985836374,0.5720930411503489,0.5929881251287248,0.5515997883519261,0.6590524440244513,0.5136956423369246,0.6087299420660854,0.5087632961516062,0.5981317468211832
71900,627,0.5718144334152807,0.5720930411503489,0.5706658064037144,0.5612607576447001,0.5835064190627925,0.5535101289690928,0.5786709952116205,0.5389676989770069,0.6025928834206702
72000,627,0.6400471913737523,0.5549983277862907,0.5948926811773947,0.5612607576447001,0.5824601669447347,0.5566641367826938,0.5485803496627456,0.5231109804300792,0.5596322753696772
72100,627,0.5537294925676576,0.5309844440663525,0.5593866982103954,0.5813848373409182,0.5991341288978377,0.5566641367826938,0.5434638464891693,0.5214005115442466,0.5650078590110492
72200,627,0.5756499253852205,0.525382586146112,0.551957562734927,0.5676461622715957,0.6427771589999912,0.5619448810215424,0.5282003530763292,0.5337669739067487,0.558168812703587
72300,627,0.559080745207114,0.5183264999129548,0.5850229915929313,0.6268102581690194,0.6836737586644742,0.5532918382563835,0.5719606201650093,0.5152941586295642,0.6249087445624419
72400,627,0.5168472055032763,0.5248514597402187,0.6480142894495695,0.6017334328872103,0.6138925257249116,0.5503583623955275,0.5347644906834941,0.5740661627749549,0.630316249206443
72500,627,0.5977020596682806,0.5213511117809013,0.605805777231233,0.5759251355722176,0.5836513458480777,0.6080677440655672,0.5347644906834941,0.5740661627749549,0.599444038873952
72600,627,0.5637393780784568,0.5272224516601396,0.5789762520974522,0.5692119829995854,0.5660401066378983,0.6386348119948303,0.5852358711608122,0.5789140035107077,0.5862886203072458
72700,627,0.5700249985592647,0.5409147722675555,0.6050735594222942,0.6080617118749286,0.560313285794255,0.5978063884770267,0.6599453622829725,0.5789140035107077,0.637163166872339
72800,627,0.5538798867445216,0.5464790381559493,0.5649830774841108,0.5824586663491611,0.548668891258961,0.6321015756665256,0.6039130105422498,0.5453912632134531,0.5941991017437407
72900,627,0.6272752643407717,0.5535927845223164,0.5511426899782638,0.5847327358433869,0.5913267364920402,0.6209393108911483,0.6239134190909549,0.616227616668718,0.6237926887618506
73000,627,0.6174129383354886,0.6062640061198548,0.5752822848391327,0.5779576824150169,0.5561650612688563,0.5945560849671581,0.7212771997945369,0.5858451413087543,0.6101332514228559
73100,627,0.6219910699434607,0.6062640061198548,0.5928878073627193,0.5710152210104742,0.5477710228640215,0.6223938991201282,0.6535331443387199,0.5863867399080608,0.6076826827549294
73200,627,0.6474634076115592,0.5991170882422797,0.5837545299267387,0.5559315747361016,0.5477710228640215,0.6223938991201282,0.6447511181773075,0.5681552735548936,0.6912157295431323
73300,627,0.6181531659812042,0.6274778709955742,0.6208015952198469,0.6114708088442041,0.5967711846254031,0.6235056472728949,0.6516724330879737,0.5521881197043064,0.6268893955690253
73400,627,0.617839862436827,0.5834126538006444,0.5809248328665259,0.5934627637064938,0.574017886118359,0.6028508549312048,0.6103696752067496,0.5436742648991267,0.5785314236217605
73500,627,0.5803344180160126,0.6334739180478267,0.5809248328665259,0.5723411833928996,0.5739939734095528,0.6472484837340801,0.6465782461521666,0.5489438650322251,0.5614910199593923
73600,627,0.5606613879569247,0.6132122076680853,0.5755636713635611,0.5751477980936457,0.5781130104823566,0.5980747046971153,0.5952672185077104,0.5496935626179911,0.5545368751618801
73700,627,0.5924981893585167,0.5678285510499532,0.6007455437660911,0.573436997951538,0.5726071615454057,0.5980747046971153,0.5941508205273268,0.5496935626179911,0.5632270123347008
73800,627,0.5833379520337403,0.582699277231293,0.5945999973870358,0.5729879313635796,0.5466411393286869,0.5891314458033944,0.5941508205273268,0.5536614135395733,0.5692309745683933
73900,627,0.5808890223237424,0.5619037861912661,0.6426880837545643,0.5729879313635796,0.6045006069851125,0.5899316185605403,0.5929991183210227,0.6191515487524811,0.6209660981238646
74000,627,0.6138611035701321,0.5570401559515634,0.651301890126473,0.6195234819145465,0.6045006069851125,0.5703618265089054,0.5929991183210227,0.5904583684108461,0.6598950696603263
74100,627,0.6281658065936487,0.6002310015108111,0.590842244341503,0.5736994346690807,0.576683853437042,0.6243630432171886,0.5959869921132888,0.5910070728761252,0.6751456189371792
74200,627,0.6197985044562087,0.598306550549184,0.6545803264090821,0.6176450232496427,0.5633469168399486,0.5777826959897768,0.6068402745607187,0.5365895119770332,0.6679919273517356
74300,627,0.667251023947637,0.5783197438592232,0.5862885904908653,0.5920201704829109,0.5520105207324193,0.5936388680264656,0.5815750222625413,0.5254477230492873,0.5880920450899445
74400,627,0.6101221503022843,0.6486086460879432,0.6764161246300163,0.5781471161739965,0.4994290771370542,0.6202823097536992,0.5815750222625413,0.5383956333492266,0.622605409642427
74500,627,0.6112661390719126,0.5935233307457585,0.6185447564401312,0.5781471161739965,0.4828716969374521,0.5994671241553496,0.5790528784274027,0.6016854281916475,0.6000091460268611
74600,627,0.6498740166675766,0.6007469539871857,0.5846445830776227,0.5852329224603349,0.5359087380224994,0.5953372764077483,0.576349608747062,0.594987864967401,0.6008001150543235
74700,627,0.6010822121682188,0.5809589036146326,0.5978741120856399,0.5842990749482663,0.5330363357385348,0.61322380308711,0.587302249801436,0.5975171029659004,0.6878375995330366
74800,627,0.6099732188537631,0.5673245122764387,0.6151471837315656,0.6112596996247434,0.5266933001090581,0.591494024644409,0.6069289131202369,0.5996787387323305,0.6711959479700834
74900,627,0.5999330013800088,0.5796611271849419,0.5986498203292163,0.5930093540827794,0.5740139473065364,0.5743691676984566,0.6081403445101938,0.5877081562978922,0.6105034713987967
75000,627,0.5853416256690164,0.57656390888591,0.5839059362730313,0.5913485945965306,0.5852302547532573,0.5681006894522357,0.6362646878766897,0.5856715833361419,0.5852912447651207
75100,627,0.6590787365517029,0.5718864319631307,0.613951956835636,0.628248884951847,0.5677746793253764,0.6063013922100681,0.6311418990335003,0.5879133854517777,0.573474141385848
75200,627,0.5834269189996113,0.5718864319631307,0.5996774349705629,0.6476807062996676,0.5677746793253764,0.5971113736880749,0.5920287306015329,0.6274700219960315,0.5588060493226739
75300,627,0.5645922345547851,0.5654895122065844,0.605810429513967,0.6717552315549911,0.5336374045974288,0.611261462050499,0.5543259470426729,0.6141913073552965,0.54859804753978
75400,627,0.5518623479881996,0.5613773550187999,0.5832199914903623,0.5869145998131019,0.592522100820266,0.613301299999938,0.5463754913707127,0.5882371267147486,0.5830966816207264
75500,627,0.5917679272013686,0.6440598364775264,0.5536203758039435,0.5978903934204542,0.5745211749434078,0.5941760526519727,0.5355900164148333,0.6475634480710268,0.578733604740057
75600,627,0.601929565789379,0.5955920508736038,0.5543279716017047,0.5984130294313225,0.5676344365595674,0.5686335075394726,0.5355900164148333,0.5987533463594549,0.558737265686798
75700,627,0.5724918733761377,0.5878834900307098,0.5824811151256111,0.5984989738183562,0.561780708933303,0.5909929674470181,0.5242020761163351,0.5709284453669661,0.5297061432436057
75800,627,0.6068704551649214,0.6060842638320546,0.5477527722320414,0.5802754597275235,0.5743070050672261,0.5914349298760802,0.5844639683085773,0.5860019726228736,0.5297061432436057
75900,627,0.6500573289456302,0.6164658187398103,0.5664609052181537,0.5785655885180766,0.6524953483823527,0.5875945152739644,0.5862675321878125,0.5841610156983005,0.5520623494191957
76000,627,0.7395104602984569,0.5964277128985732,0.5632685583412786,0.6322747425750054,0.633996246935501,0.6422103349651285,0.6361179616209227,0.5841610156983005,0.5688085440617766
76100,627,0.6102281680026546,0.5917872265781632,0.663655720652441,0.6065115920205052,0.5947351073100691,0.6068663075529057,0.5971071964084013,0.587426732356276,0.5637999942509853
76200,627,0.563152472267813,0.5864493424086107,0.6402876276418394,0.6036720531859411,0.5947351073100691,0.6413334913344234,0.5421125675540146,0.585128072861722,0.5476360405368927
76300,627,0.648269028728713,0.595593619704917,0.592667383943316,0.601831331776536,0.5822188465449725,0.6034160702270188,0.537396517163732,0.5898941596226481,0.5384626861362052
76400,627,0.5932049090331442,0.595593619704917,0.5772973503224914,0.6030522318997976,0.6134559361025202,0.5985143542475463,0.5330632132776607,0.5898941596226481,0.5888518751716019
76500,627,0.5832364953798432,0.6065668994363855,0.5739579909859384,0.6454645313779046,0.5784848549079075,0.5935887179897819,0.5367722850545786,0.5898941596226481,0.5841926476644286
76600,627,0.5601587040729654,0.5875565970928127,0.6349903262784089,0.6914066465590125,0.5812870380845729,0.588576114671339,0.5414268130550838,0.5884253591615474,0.5581182873302428
76700,627,0.5472433727160987,0.5875565970928127,0.5943143621771234,0.6242100156166872,0.5872031955169605,0.6229360818682097,0.5326001670805338,0.6705320549994764,0.5510285267660858
76800,627,0.5412861944374614,0.5914781073413702,0.5682937577756856,0.6371403949712307,0.582115462607933,0.686675676515805,0.5854371129798297,0.6044142990866591,0.6075930313789804
76900,627,0.5430597723303764,0.6151445542455328,0.5578193562151278,0.6135973039209279,0.5779284139475428,0.6140282941269394,0.6452603756463047,0.6107368513796527,0.5905773898781737
77000,627,0.5498195834379345,0.5772189124417854,0.5561360413275049,0.5935196456064209,0.5886649582364111,0.5942887813828208,0.5797634929954513,0.635499348669446,0.58496926621191
77100,627,0.5900750106346463,0.5834358485921809,0.5497094429475611,0.5935196456064209,0.5930842544161673,0.5797476386474225,0.5446837568613203,0.5857237784744546,0.5606985305936317
77200,627,0.5707749667452348,0.6095831513264233,0.5741233127823342,0.5758414409426648,0.590744058798573,0.5781708015347253,0.6209268384903822,0.5676759125409025,0.6153379487955445
77300,627,0.5434774133846562,0.6101454944970265,0.614275210036076,0.6156690499699797,0.586829213175818,0.591110553141585,0.6164092275008928,0.5788307607162673,0.6036561489493137
77400,627,0.6013633990015951,0.6186268324610182,0.6310402847580943,0.7090882010522142,0.5855806047418445,0.6354929400567314,0.5853785563236906,0.6001186196530642,0.6324544241475661
77500,627,0.581624367593432,0.6347986104553395,0.6008634929656266,0.6351523228330646,0.6051355875352425,0.6511273238656285,0.5853785563236906,0.5952921548466391,0.6324544241475661
77600,627,0.5713519037124642,0.5808152892355172,0.5392803115121253,0.5826339878817887,0.5870050201962788,0.5861432018812047,0.5772905712434244,0.6664744467359877,0.5828516033005171
77700,627,0.5670483170421282,0.5742856943214845,0.605241622372732,0.5757130402657783,0.6265569860180311,0.5776662557485012,0.5759191433648243,0.5802746689262134,0.6873270378420728
77800,627,0.5223650397936616,0.5895117171870969,0.6215868043116903,0.5757130402657783,0.6064735699885538,0.6126932354306578,0.5770509409717628,0.5878575898555061,0.5818635764276857
77900,627,0.5276213975658824,0.666193380871248,0.5730291218385402,0.6115761070142649,0.5867602184618784,0.5910631399995482,0.5657747588919058,0.5957288261007845,0.5933175397314359
78000,627,0.5396791831386287,0.6282780283920738,0.5620985191177922,0.6104153964292055,0.6080461746227851,0.5910631399995482,0.609947297487357,0.6126122308131066,0.5817742488869191
78100,627,0.5524916138619546,0.6766954030131208,0.5620985191177922,0.6427098690890849,0.7166196702248798,0.600674607635061,0.6011428515466501,0.6326995002291937,0.611513292715461
78200,627,0.5919710489759372,0.6008216377190692,0.5620985191177922,0.5821000036914378,0.652190458370177,0.603315762796769,0.6305127331250843,0.6592295184900137,0.611513292715461
78300,627,0.6004545766330954,0.5713494741230161,0.5750629262536721,0.620965012555296,0.6042635897979145,0.6087711998059218,0.6459234966282507,0.6150692282890854,0.6433617930777137
78400,627,0.6496694796166915,0.5615562731039986,0.5793652526087567,0.5849280699628632,0.5892885135815824,0.5954052974108703,0.7004791109189937,0.5982890682414779,0.6908392880216648
78500,627,0.6943136948448799,0.5417353774154362,0.5835730803839304,0.5671013279826544,0.5652359576375539,0.554953311292202,0.6146994937578613,0.5721319558820042,0.6273652836390899
78600,627,0.6050796436689225,0.5482734520762589,0.5843724994282606,0.5388190132729072,0.5661604206097641,0.5379523772045547,0.6660507757610892,0.5473106410609127,0.5994922179501887
78700,627,0.6533756063080051,0.5337206401137937,0.6005472310797695,0.5979409546611485,0.5690178645319905,0.5320371778620259,0.6703238456486018,0.5958991815033557,0.6027175076608908
78800,627,0.6412531206381372,0.5711127117451344,0.5960975487273001,0.5672152960013676,0.560991541421485,0.5893616235658606,0.6704037994358525,0.56157001931544,0.6025935387537439
78900,627,0.659395784564982,0.5530139795538749,0.6083141086486186,0.570312552885875,0.5736995393940976,0.6035748420853672,0.6426107637731582,0.5498022074959253,0.7096833721733966
79000,627,0.6177128482395562,0.6045796505063182,0.5972997164702961,0.5939028410778885,0.5937186829908032,0.5512059711798714,0.7146734187231039,0.5589390604288531,0.6258051811869475
79100,627,0.6033323609672621,0.5925908207973823,0.6476788599673439,0.59835321965607,0.6988322200219045,0.5267748606617202,0.5952530439961723,0.5507262786755103,0.620560426156127
79200,627,0.6033323609672621,0.5770232908445003,0.6305893412144308,0.5713275399936636,0.5778996257149156,0.5165678341860103,0.5998710969916874,0.6133262117283608,0.6096486260605178
79300,627,0.5939508775601516,0.5508446821395759,0.6795156640807092,0.5598645551141017,0.5976365435121285,0.5346018354118914,0.5900140576684741,0.6018567965312437,0.5977482407402691
79400,627,0.5836674442217809,0.5456613405566606,0.6206893388665514,0.5566847330925844,0.5788250409299994,0.5520493285692017,0.6673568835434013,0.5893894312561028,0.6166227213549084
79500,627,0.6039976560169589,0.5420710535324748,0.616315120306187,0.5548375624359944,0.5598674110818616,0.6122956076682567,0.671722964808977,0.6169002301472989,0.6166227213549084
79600,627,0.6031632729963675,0.5581487143717702,0.5808460433521206,0.5645929345826134,0.5598674110818616,0.6551734739584345,0.6617424256577428,0.5982391739739834,0.6156505954025671
79700,627,0.5801776436215127,0.5525753661720392,0.5806321404493403,0.6207742533124077,0.553005578578485,0.6046631582325881,0.611125661146938,0.5749851985016313,0.6149362173197345
79800,627,0.5723507427670671,0.576948418456108,0.5862620574158277,0.6037743846576783,0.5405836102461323,0.6151472698053652,0.59667390806967,0.5976989497283479,0.542722190697123
79900,627,0.5645300168637338,0.5833904715658661,0.5498567945160758,0.5947841336161667,0.5728508015718337,0.6084467315847184,0.5934056249613751,0.574280596742149,0.6246236103156055
80000,627,0.5585197118110369,0.572167762843022,0.5329071612044385,0.570141104323328,0.5990916220204873,0.5794375055882709,0.5543412151938372,0.5595931987561439,0.5769889246845479
80100,627,0.5363522856026026,0.5406803173224553,0.523783732930841,0.5719913073435715,0.6137574687780257,0.537029691679935,0.5706854755032492,0.5703503377449829,0.5769889246845479
80200,627,0.5875681751869639,0.5321995139788313,0.5163443534763016,0.5521004204840839,0.545639614687715,0.5208676651123647,0.5823211762648598,0.5852138301958183,0.585363160961859
80300,627,0.5433896210323015,0.49518741431090557,0.5130966307325484,0.5415390932523798,0.5370628380220304,0.5173334051406551,0.551045332391841,0.5507794863039053,0.5933018731534142
80400,627,0.5782506877597754,0.5012707535013068,0.5718055068396866,0.5554121915508616,0.5370628380220304,0.5052236549341564,0.5992203196251474,0.5624210670617127,0.5358374819190276
80500,627,0.5537805159506878,0.5062335387691672,0.6210185182957295,0.5279697732271166,0.5402151891069185,0.5048816756411544,0.5352854261562096,0.5367378629832721,0.5554965915880347
80600,627,0.5803303548158003,0.5949874629392614,0.58483581585995,0.5311085609828976,0.5653996393194591,0.5286618447692853,0.5410563597713135,0.5817626273140519,0.553450088617349
80700,627,0.5645186497604539,0.5620732049858603,0.5559294577843368,0.5302514425869452,0.5896666649944653,0.5089183381058424,0.5464603844462257,0.5423668662427732,0.5749907155049415
80800,627,0.5511055425521988,0.5300988394754242,0.5350413219762746,0.5097058054676593,0.5600403981988189,0.5067373008413925,0.5308819208187171,0.5083673231196313,0.545693513970573
80900,627,0.5246415076532133,0.5885679208395276,0.5298439828347233,0.5270767641583891,0.5674190031494256,0.494867744803947,0.5254523944582709,0.5042582643014268,0.5276586817105472
81000,627,0.5902189836572528,0.5556620871870444,0.5758649963445799,0.5885018787789557,0.5721219655425547,0.5198946875062571,0.5501685117309383,0.5089128815487888,0.5276586817105472
81100,627,0.5545935273199035,0.5765284626045948,0.5547126641284936,0.5602716429060922,0.5445783744695417,0.5158750850034343,0.5314061241882134,0.5564420462029985,0.5606794896869558
81200,627,0.5896109802800615,0.5541225086761437,0.626630533709168,0.5565550707771871,0.5310756499358353,0.5158750850034343,0.6248335920855081,0.5504619116639151,0.562798580016927
81300,627,0.5629637159996155,0.545142664414446,0.5802512812791529,0.5656673803958439,0.5505634202180851,0.5158750850034343,0.5805066173918435,0.5623604407356397,0.671144247778195
81400,627,0.5433571877652271,0.5498618790582575,0.6097910003643541,0.5584427258381072,0.5505634202180851,0.5000651512773939,0.5742857232550945,0.651681936348371,0.5556024901878577
81500,627,0.578395996723967,0.5769530332801412,0.5743280287014596,0.552228131607964,0.5156302650635567,0.5662581912044294,0.5652008997934849,0.5755948906069358,0.5454776524244609
81600,627,0.5717006437605255,0.6007503783965871,0.580725387231845,0.5463739739287384,0.5218504740773955,0.5833924481809073,0.551696819401049,0.5915955637131841,0.5361628832522363
81700,627,0.554203937070394,0.561292878517127,0.61153062736937,0.5187456470397274,0.5353872996803477,0.6316208384712574,0.619901981129601,0.5774228843521814,0.5361628832522363
81800,627,0.5309807331076466,0.5423409614978879,0.5521331909260436,0.5187456470397274,0.5439518049989975,0.5669294434531168,0.5644377758886537,0.618429578421271,0.5250078318797967
81900,627,0.5224056421193364,0.5417141390146711,0.548271417019759,0.5182810375940593,0.5559077894468889,0.5975846775492408,0.5606205039597149,0.6119964510441519,0.5250078318797967
82000,627,0.5224056421193364,0.6592678411629417,0.5941297858299361,0.5174141540395739,0.5709114617414415,0.6685668560142426,0.5606205039597149,0.6044975685883783,0.6081853865000616
82100,627,0.5508648936624277,0.6183657357865262,0.5816848271963169,0.5166773030182613,0.6086771258671233,0.630990482041067,0.6157851755137751,0.5851545082612072,0.6310331098486393
82200,627,0.6020937661367476,0.5868688246238974,0.6250979309168716,0.5096598553094586,0.6086771258671233,0.6392638008003027,0.6335802697136688,0.5789347255337562,0.6375634638478609
82300,627,0.618230215543329,0.5864132677852999,0.6157717103296279,0.5096598553094586,0.5848153254419497,0.6627302041051797,0.6094738773922633,0.5575833591329306,0.6135249456411271
82400,627,0.7004426818146715,0.5786650836500635,0.5710890804821404,0.5145815769357228,0.5848153254419497,0.5522975169655356,0.5766893947725843,0.5282886803601873,0.5439642988714134
82500,627,0.5560144767769583,0.5651937323165311,0.5653129544835216,0.5198904949467201,0.5681832608684617,0.5102253002369692,0.5875714204711557,0.5704842991692979,0.5293252541927957
82600,627,0.6007975099926629,0.5664098990542801,0.719714091897121,0.5300386358081961,0.5582987491069237,0.5102253002369692,0.6001382457008684,0.5551145919700049,0.5405431577919123
82700,627,0.6257951091755015,0.5626066860269018,0.694277362909491,0.5215356648692578,0.612418080978412,0.56679668705043,0.5936140782079524,0.6204186780575095,0.6024300902298005
82800,627,0.5735080095531626,0.5491897942939727,0.5916198807831237,0.5401451885189767,0.6021158974444685,0.5848043435325803,0.5936140782079524,0.588058496952783,0.5859113565928885
82900,627,0.6104306383878292,0.5497225641002864,0.6075454563510668,0.6083008206886714,0.6102864873852398,0.5778750042722814,0.5579157495894043,0.5821146315242298,0.6612337224084749
83000,627,0.6451381250058889,0.5766934692275134,0.6328254108224064,0.5976843830354786,0.5922284416257106,0.5670376019213488,0.5663135869614927,0.5821146315242298,0.5989730314300923
83100,627,0.7137038359131218,0.5766934692275134,0.645389832113037,0.5889243611304622,0.5930653193025573,0.5670376019213488,0.6208434074869926,0.620496814913056,0.6040190372224744
83200,627,0.6601245677244045,0.5685491236992167,0.6631284440420392,0.6321125448535809,0.5909440159367267,0.6079279923334323,0.6215290181097958,0.6434563271851024,0.6899435235662393
83300,627,0.6577127831370109,0.5685491236992167,0.664486668795408,0.6449431079526471,0.6193772809178046,0.6136727824581526,0.6283257188963512,0.6670601801424555,0.7891520720712083
83400,627,0.7155580576542367,0.5725552045865523,0.6732183161564579,0.6665248263529795,0.5912661930252002,0.6019750356580464,0.672559741009156,0.6424752602266712,0.6561309434124122
83500,627,0.6997293917177814,0.5632561418170127,0.6857518360875678,0.6230169565716631,0.5790285808161139,0.56603163533839,0.6828545685055768,0.6424752602266712,0.6508511759179262
83600,627,0.6608008091243006,0.6017292613757358,0.6777386423814413,0.6002126402298921,0.5567043710713666,0.5481237969140784,0.6530898809399913,0.616752198336649,0.662532146854751
83700,627,0.6648281557676042,0.5826190341656606,0.6649433579054403,0.5695980412587993,0.6051745288766248,0.5383584714040082,0.7342752724894248,0.5935594924689014,0.6942279373079071
83800,627,0.6163777342077235,0.5826190341656606,0.6518113707909176,0.5610448989337252,0.5715404624624291,0.5335970877980766,0.7136802818342539,0.583970541924938,0.6488158621867222
83900,627,0.6254625215049481,0.5826190341656606,0.6398093559236306,0.5615620987859176,0.5449298058303425,0.5273436958320169,0.6955739196101722,0.5758199339625691,0.6679730952377084
84000,627,0.6380666075501558,0.5746103237457132,0.6229576187284754,0.5615620987859176,0.6501921573716681,0.5256040480704257,0.6675456952563619,0.5665490331006459,0.6414650555930692
84100,627,0.6031316169157184,0.5386462213637038,0.704169215910048,0.5306444303271601,0.5568714156558271,0.531468655969232,0.60124084539189,0.5472868485192233,0.5997872755644175
84200,627,0.5869803991849584,0.5301888373411044,0.5944035161999368,0.5170364435263568,0.5908064919445132,0.5957932008431696,0.5775092718713453,0.5468180793887212,0.563012017730375
84300,627,0.6034637418590489,0.5301888373411044,0.6531549870136721,0.5228599955913505,0.5758829161263522,0.5450090323835738,0.5793956829433916,0.5381130166115969,0.5668441083559959
84400,627,0.620915060489369,0.5301888373411044,0.5945637869548357,0.5803351884191476,0.5405680288108416,0.5446360329484997,0.5793956829433916,0.521257456205865,0.5614789675891307
84500,627,0.5798177352775442,0.5301888373411044,0.6665244093168944,0.5392288298193672,0.5409709673363571,0.6191158274417503,0.5793956829433916,0.5018134206805288,0.5601710914230286
84600,627,0.6315168898990431,0.5191018266352292,0.5829595874388988,0.5437989958516366,0.5203290858715381,0.5964086941696078,0.5578117517778165,0.5063665361510893,0.564805403222212
84700,627,0.5636894325595425,0.528567006424857,0.5662627111765588,0.5467976707157461,0.5668881909099471,0.6128179829114806,0.5581623414548152,0.5552984598737344,0.58235626064907
84800,627,0.5636894325595425,0.5248884099966725,0.5569119247953573,0.52651400599346,0.6092672475495312,0.598309357296733,0.5650889773757158,0.5413569568352503,0.6618063789756283
84900,627,0.5475857647036919,0.5848936416598689,0.5664346011816479,0.5175526954306066,0.5402656064448229,0.5362685665883186,0.6726915758380034,0.5422886425756056,0.5549061256561136
85000,627,0.5475857647036919,0.5848936416598689,0.6332388560436699,0.5052679690823473,0.5402656064448229,0.52179001560442,0.6768442416736609,0.5138327521689211,0.5633904856663732
85100,627,0.5222018062255204,0.5664786990043804,0.5527043448124866,0.5286146574863294,0.5985094229855218,0.5194232255723039,0.5472935282938483,0.5035656093322247,0.5511669392846277
85200,627,0.5147999778550303,0.565388913044612,0.5435374463825317,0.5215009476890723,0.6046555665377782,0.5178677947021822,0.536127941613109,0.5035656093322247,0.528025525089581
85300,627,0.5188972324808159,0.6020127647787724,0.5975258062301851,0.5215009476890723,0.5411992070116209,0.547082687185791,0.5532103588151704,0.5018814817460979,0.6440207019782934
85400,627,0.5492465307962509,0.6020127647787724,0.6249822078238669,0.5249198111673221,0.518310716489078,0.547082687185791,0.6250040546049345,0.5665822985827673,0.6309871501050565
85500,627,0.5492465307962509,0.5850408112295057,0.6301372644917131,0.5421277100954165,0.518310716489078,0.5172041728863916,0.6209707808499609,0.554592922810523,0.7263226080949087
85600,627,0.5492465307962509,0.5622757851606411,0.6064941909285592,0.5261716194799627,0.5755819932789151,0.5224402674219623,0.6115465773611736,0.5511172227713161,0.6109494959101965
85700,627,0.5483114067292119,0.5345111372112755,0.5713899622054616,0.5261716194799627,0.5263682737332697,0.5224402674219623,0.6451275827895054,0.5426066303831774,0.70111745320359
85800,627,0.5471313162796997,0.5273893703319296,0.5576176904797648,0.5264649812700546,0.5263682737332697,0.5196136442440247,0.6437339014331307,0.5283889758816764,0.620902127751677
85900,627,0.5343972700565368,0.5273893703319296,0.532614773657927,0.6363833611523539,0.5206366230752127,0.5174268768148335,0.5549635491611263,0.5283889758816764,0.5723874297778996
86000,627,0.5374807985554337,0.5223850203572755,0.521609951485165,0.5751290283714484,0.5206366230752127,0.5174268768148335,0.5503624672276076,0.5529682618345617,0.5273788923138517
86100,627,0.5374807985554337,0.5744985049454633,0.5115629940208173,0.5453846674023208,0.5191583376464597,0.5332582180568727,0.5205644135136579,0.5529682618345617,0.5586379186296863
86200,627,0.5392498155808083,0.652952715677921,0.5068531176338663,0.5896050227585474,0.5805324902192869,0.551722707494367,0.5205644135136579,0.5440959118142417,0.5472279198273837
86300,627,0.5565994358424051,0.5949733714128306,0.6008856492696671,0.5907947225902243,0.5963973545657095,0.5678979441370445,0.580742194476546,0.5440959118142417,0.523199800089167
86400,627,0.5991814469135449,0.5481753135785913,0.5647947441120322,0.5833314873409203,0.6973643267069355,0.5678979441370445,0.5540419705629117,0.5810530039288853,0.5137759815206947
86500,627,0.6284479743474914,0.6162519365356046,0.614940678534477,0.6937557250111188,0.6074193167624965,0.6191922160009838,0.5540419705629117,0.5917796831710828,0.5780718227680429
86600,627,0.5995314403902828,0.6013976996562069,0.601506905656567,0.6068989759218487,0.591058145486859,0.6053134557021448,0.5827429525453122,0.6001251430966252,0.5782114608320823
86700,627,0.6206611353115613,0.6152088873094756,0.6030013020952544,0.5959967094243217,0.5857579305682967,0.6008428519162603,0.6399895076714162,0.5861772494788662,0.7140139747966383
86800,627,0.6184628505250216,0.6626862587853011,0.6151604121949202,0.6121243560284714,0.5708360210278861,0.5973500461796912,0.6045137986538368,0.6036280998021325,0.5957450873474348
86900,627,0.6912896751011167,0.5977733055358702,0.5989064059458667,0.6079675558901444,0.5915654953911169,0.6260489241526068,0.5498500338844697,0.6267297129563278,0.627738708786629
87000,627,0.6157548711961124,0.5953518196794965,0.597972140823969,0.5793164759468783,0.5891852570820796,0.5970899097641605,0.604301540715589,0.611057087985504,0.5970894151818082
87100,627,0.5546186012041323,0.5600559676654722,0.5554519112041627,0.5641723155084479,0.6606761815512424,0.5671967106270742,0.5385291796919345,0.5638796178510946,0.5384438901042559
87200,627,0.5352485495971023,0.5646769126725734,0.5453789800305434,0.586503411512822,0.6271434673066787,0.5466047231729931,0.5385291796919345,0.5586613111567886,0.5639908024371691
87300,627,0.5610531824758358,0.5623672988222239,0.5801653633966787,0.5659954499240003,0.5893396680579882,0.5913142330480933,0.5392764639664478,0.5562583603907817,0.5497500369778242
87400,627,0.5465490872766233,0.5756733043367874,0.5553410200841615,0.5755415669765823,0.576849766570024,0.6278550914122508,0.5466606423958433,0.5559980272146865,0.5493030268594321
87500,627,0.5286942221059778,0.5774548641577286,0.619332904732957,0.5788335716397721,0.6239617885700829,0.5730307503783973,0.5331025701597638,0.5633535901683795,0.5493030268594321
87600,627,0.589323820412073,0.5905648029216638,0.5830976383118964,0.5869083397977883,0.5883982744309689,0.5937128965029747,0.5310372621237166,0.6035045586459257,0.5448201669071762
87700,627,0.6199338253866921,0.5956422386390811,0.6096533313699619,0.6380671533605955,0.6028995659485235,0.649217686363309,0.591560189832953,0.6035045586459257,0.6446716703469716
87800,627,0.5865502235063316,0.5687184445556831,0.5933648038287095,0.6016913914786873,0.6319921762127633,0.6415977403295315,0.591560189832953,0.5896675223026525,0.5952756219566271
87900,627,0.5865502235063316,0.556139689632857,0.5797202081720872,0.5719527212091032,0.6722145977443396,0.5719444152608061,0.5597229007583698,0.5896675223026525,0.6345975141728681
88000,627,0.5655073015888079,0.5400943799249494,0.5711691696168527,0.5604739521359592,0.5800784622699967,0.5719444152608061,0.5561147800752139,0.5680172519631617,0.5733505212896929
88100,627,0.556392421028487,0.5281833245298212,0.5841725469886668,0.5604739521359592,0.625734033034528,0.543713680591719,0.5561147800752139,0.5451888968200805,0.5450242388132525
88200,627,0.5478584877979993,0.5252666195872756,0.5689417232144566,0.5525447313073536,0.5477591539735703,0.5368300072781697,0.5454707475864685,0.5451888968200805,0.5495593200220397
88300,627,0.5384311586423314,0.5280355255596078,0.5462983560308053,0.5549314278776467,0.5672272047726392,0.6316720273487909,0.5770961975530396,0.5405482939488664,0.5391695836415487
88400,627,0.6891876889934361,0.5806215256226834,0.5462983560308053,0.5549314278776467,0.5623717312527428,0.559441600644433,0.5538426046769975,0.5613957037247274,0.5497072797731435
88500,627,0.6082310096692654,0.5339690603804403,0.5408645944355023,0.5392008433008877,0.5623717312527428,0.559441600644433,0.5538426046769975,0.5378513878698619,0.5596801628213247
88600,627,0.5344356022946853,0.5339690603804403,0.5408645944355023,0.5392008433008877,0.5364665171324002,0.5369741184944059,0.5405554327184582,0.5359232366774844,0.5259700481394342
88700,627,0.5472252974680075,0.5092920356147681,0.7148122243010951,0.5233979402977154,0.5164633164349484,0.513670526254016,0.5978514163865487,0.5411124282669287,0.6613812803205938
88800,627,0.5463343090723495,0.511291737964639,0.6576388407283046,0.5123228252436673,0.5164633164349484,0.5204837679494349,0.5971730106002546,0.5861746156375213,0.6351876453896582
88900,627,0.5463343090723495,0.5020325532605525,0.8005775052979135,0.5674491499726393,0.5256218259681096,0.5230225856908087,0.6231207194763565,0.6379653921028573,0.6383893736243547
89000,627,0.6178361687861542,0.5670140719979421,0.6285698334929354,0.5674491499726393,0.5874542248981283,0.5843333477689073,0.621343940621255,0.6163807638898176,0.6358958374681346
89100,627,0.5534178730140722,0.5995669637025924,0.619789265972726,0.5629379178360641,0.5874542248981283,0.6320965432500187,0.5863797984921689,0.608087512205946,0.6197349968845631
89200,627,0.5397726157049537,0.6220268525117083,0.5560286399549361,0.5617753770837696,0.5777755385024737,0.5755137531253283,0.5754172516114702,0.5773067865174563,0.5646411366613762
89300,627,0.5272237843959168,0.5786272324493918,0.5413840875908121,0.5644668721720032,0.5789529534447425,0.5579260191481814,0.6766304711613379,0.5744093233778389,0.5914461605480298
89400,627,0.5222443187203658,0.6129592172490642,0.5438441392076565,0.5527809820135164,0.6025690696038986,0.5529927316305623,0.5953253091700538,0.5610420746281944,0.550312139251461
89500,627,0.5296209119907835,0.5722594754846608,0.5396794337993621,0.5409255449975279,0.612061487360115,0.5463577689281526,0.568580100748604,0.5613329928544595,0.6078635111214215
89600,627,0.5422966189410767,0.5807154218346529,0.5943915207384786,0.5436999953580026,0.5854770401444309,0.5504682522875631,0.5643298879681787,0.5329001264924889,0.6511176237016989
89700,627,0.6057455144720754,0.5650014050044624,0.6064706181235638,0.5436999953580026,0.5809933972109798,0.5430259175869807,0.5643298879681787,0.5282561913089827,0.7052682533002884
89800,627,0.7105612096732731,0.5582003204555491,0.6064706181235638,0.5352258703007129,0.5809933972109798,0.5411009323517492,0.6193477422331665,0.5501640090109519,0.6439058769329021
89900,627,0.6253117868953536,0.6146142192546311,0.7717282179271657,0.530359785744607,0.6251498505667588,0.5317702796231566,0.6334248384512625,0.5611598792002235,0.6447594446960773
90000,627,0.6311508315029565,0.6493503356096341,0.7609662006416213,0.6051637417331465,0.6494840765984587,0.5531078547808533,0.6533106056887555,0.5589196980611355,0.666426214751398
90100,627,0.645735245009085,0.6566329650689084,0.701742607131315,0.6051637417331465,0.6108945874545277,0.5371984056943467,0.6458891330954369,0.5532310601182394,0.666426214751398
90200,627,0.6366427249611657,0.6755985487315143,0.6438064182549829,0.5792384114776025,0.5899761853467861,0.5301998817120378,0.6365496448721929,0.5944522413696952,0.6491910814425309
90300,627,0.6381138796261859,0.6053619465184451,0.60788413403289,0.5792384114776025,0.5657062861290955,0.5315506896332726,0.5893489869535814,0.6056736180715089,0.5955307907145165
90400,627,0.7296498537452795,0.5889891390968031,0.5785637528572734,0.5792384114776025,0.5657062861290955,0.5990573145606057,0.5717499412883514,0.5708534153968882,0.5827108274861266
90500,627,0.6741343815454828,0.5889891390968031,0.5855889278240406,0.5792384114776025,0.5600142004343733,0.5818490206956536,0.6219421185516304,0.6115079628391027,0.5978634619189147
90600,627,0.5893160944045696,0.5988042783553595,0.6038095484388837,0.6001241691237846,0.5551759275938595,0.5818490206956536,0.6101545840329584,0.6000624721521103,0.5841883584986185
90700,627,0.6680671594434477,0.5742233708113166,0.5833936211216841,0.5916033205059978,0.5508214420015659,0.5514436616333962,0.6081928415109735,0.6803406676054682,0.6201325830328598
90800,627,0.6133112596958279,0.5609522350289607,0.6013273013633385,0.5782655885051169,0.5467112918545896,0.5997067604803318,0.6024411852308671,0.6003228853338294,0.5558330310166065
90900,627,0.5215991392669471,0.5997225088702618,0.5497829255495565,0.5754133675137679,0.5526056321065796,0.5907086729037815,0.5608561637093922,0.5740614743833427,0.6153997579358362
91000,627,0.525974857619579,0.5437509985867616,0.5332847667908284,0.5471246458517846,0.6465015969559905,0.5519122240806518,0.526409356027109,0.5484851588877143,0.5542455696622999
91100,627,0.525974857619579,0.5293452026418802,0.5597706309668069,0.5495171173406671,0.6526853324352978,0.5325658019604459,0.5559721618772815,0.5609752633658808,0.538377631809548
91200,627,0.5257123364017475,0.5791270503282432,0.5968025115903413,0.542546539546172,0.5839329842395664,0.529899257153116,0.5526082620693293,0.5530632718434705,0.6023059047542988
91300,627,0.5257123364017475,0.5617384711818711,0.5528102838163553,0.5375818945930148,0.5579346195690865,0.5343865237626867,0.6294815313635085,0.5544669809173002,0.5469115473553883
91400,627,0.5797663659016612,0.5486071889944787,0.5314452766973815,0.549143593995634,0.6179935692901395,0.5579988245172418,0.5586563900363962,0.5544669809173002,0.5431159343523999
91500,627,0.5884708802879577,0.545000196417776,0.5314452766973815,0.5300044436120159,0.5534537428284856,0.5279910633083813,0.5965068074623312,0.5544669809173002,0.5969176719081122
91600,627,0.5524149500092442,0.543575188365359,0.5357837641667115,0.5800160771944917,0.5559542423811863,0.535572269576129,0.5724867969992237,0.5448480371758193,0.5634451121726698
91700,627,0.5703567208807743,0.535535311685872,0.5357837641667115,0.5681954451587385,0.6386798983865696,0.5877956369461425,0.5416836745811278,0.5662735922222648,0.5414433948646682
91800,627,0.5707578702492403,0.5262707748163531,0.5378260541508056,0.5418453308588743,0.5681337869015725,0.5673294289662061,0.5265643919017974,0.5590779827282816,0.5630545712133809
91900,627,0.5498812048310018,0.5039817521876605,0.5580694360341265,0.5730161674564814,0.5491403330981358,0.5536074406097836,0.5170743457892542,0.5434969129599523,0.5433286850800105
92000,627,0.585180965556166,0.49623845255538446,0.5409355548433178,0.5837189492624729,0.6407514887899879,0.5536074406097836,0.5205507761963136,0.616234607262345,0.5433286850800105
92100,627,0.6407554196918112,0.48750178117193327,0.5352622390810503,0.5444590712354682,0.58741151545319,0.5755222409292098,0.5205507761963136,0.5616661073982306,0.5465112840432058
92200,627,0.6005061084529909,0.5030254077779653,0.5819499771202152,0.55644399821267,0.6250632174942198,0.5616597255558171,0.5839247721600793,0.568828740384359,0.5947892358563989
92300,627,0.6005061084529909,0.49637276008384734,0.5777617053782547,0.55644399821267,0.6438563154294071,0.5609034265918249,0.6207077083307793,0.5948031973717897,0.5886160921843075
92400,627,0.5890617189097159,0.5002750175345398,0.5777617053782547,0.5297115648075584,0.6057608065161693,0.693625664321022,0.5789392108796809,0.5891779968559139,0.5810728138936332
92500,627,0.5768139502366142,0.5083072329013937,0.586001345277061,0.5612363397420618,0.5804493724025361,0.5784915104450034,0.5789392108796809,0.5601496526272007,0.5826571091844651
92600,627,0.6206774773967654,0.5083072329013937,0.6141367398007864,0.6062586729853133,0.5772415059551065,0.5956204214187505,0.6489955126092294,0.5559877423412567,0.5768362022349892
92700,627,0.5984076796144274,0.5663280754788732,0.6006823000007271,0.6062586729853133,0.6238723580979783,0.5850559629596344,0.733874683091878,0.5559877423412567,0.5701737610634064
92800,627,0.61718674921921,0.5663280754788732,0.5956789494060054,0.6001736738806043,0.5968792572638432,0.5766721830267051,0.6322562873194557,0.555377147936829,0.5783134345331946
92900,627,0.5686194181532368,0.5663280754788732,0.6060462549438458,0.5763405773508892,0.5828950716419735,0.5810240093657384,0.5813171364160564,0.5701077159420664,0.634347976701128
93000,627,0.5768836863343575,0.5540765277629114,0.6177218436827945,0.5763090137255423,0.614721726928245,0.5723385768401525,0.587113423531135,0.5599470183135481,0.6957031363745265
93100,627,0.5855038026840356,0.5303883866149075,0.6334701502529475,0.5524826268146947,0.5869644480815781,0.5638514879921567,0.6621752854568205,0.542112710213667,0.6731529138300112
93200,627,0.594226839462918,0.5229507716470743,0.6172847775469912,0.5524826268146947,0.5762497997662753,0.52946106545336,0.6317705031123215,0.5368161250684741,0.6194736995771858
93300,627,0.5473572408637999,0.5229507716470743,0.5525977920451023,0.5524826268146947,0.5895286709031724,0.52946106545336,0.5532610110524994,0.5368161250684741,0.5544118189134526
93400,627,0.5313966667058858,0.5037403514680001,0.5459597604582237,0.5508380546368277,0.5514738387902604,0.5317989457824907,0.5532610110524994,0.5191473757058951,0.6237940430238764
93500,627,0.5264725731832524,0.5043515232759781,0.56864070471475,0.5519725630199148,0.5510491100738051,0.5477281543013565,0.5772749857797365,0.5388076574398353,0.5739203399562713
93600,627,0.53602969676708,0.5141432164740887,0.5437453045900239,0.542478106724304,0.5828718717410386,0.5274635138571631,0.5398467383021326,0.5435571170326194,0.5483465365388699
93700,627,0.5383348540299121,0.5362065051219135,0.5354732823826265,0.5736566350352116,0.6437877103983561,0.6338415081587829,0.5356273907598381,0.5459687529565141,0.5472423385992242
93800,627,0.5386066151663106,0.5243112467764754,0.5703021441625382,0.5912158355661565,0.6332851724603712,0.5786504449553532,0.5356273907598381,0.5990607977712117,0.5398212553184106
93900,627,0.5368796791640994,0.5321891529665004,0.5858227695098328,0.5331223982214316,0.6375009418138269,0.5747163886529132,0.5356273907598381,0.5691878369722063,0.5364448468677542
94000,627,0.6211691078416139,0.5132384651292843,0.5605468922689106,0.5278423618730712,0.5658718327988986,0.5647678418200045,0.5356273907598381,0.5601345099202668,0.5426242148251134
94100,627,0.6203851485638662,0.5132384651292843,0.5605468922689106,0.5235756994742362,0.5677073125474634,0.5538107968444068,0.5356273907598381,0.5696820165350055,0.5587337194351651
94200,627,0.5322932715547463,0.4818234872237994,0.5411506271234511,0.507356605582654,0.547611765951843,0.5091758878214947,0.5425426590307438,0.5228439305458377,0.5371685307228581
94300,627,0.6337997817119074,0.4939787456607593,0.5276351294281167,0.4989974741408025,0.5492031375775293,0.4925082987298745,0.53920481439768,0.5026369550861084,0.5210336462559247
94400,627,0.6055784270663296,0.49513788992033925,0.6001301262104082,0.4811564789031506,0.6080184689964194,0.5096203170895146,0.53920481439768,0.5532735005402986,0.6050053816561661
94500,627,0.6379799508470695,0.49513788992033925,0.7095444242601044,0.48053192813800305,0.5887975248962314,0.5049119271743079,0.5587349620531303,0.5308818477493169,0.5864555510959615
94600,627,0.6031217011511653,0.489701713312215,0.594894608872168,0.4831633183194414,0.6146133258723703,0.5711683196505627,0.5911292109125893,0.5238501668647418,0.583239615651257
94700,627,0.6596394810309235,0.49107273522213235,0.6457684762747558,0.5424370116199937,0.6401006017391303,0.7032190899629458,0.5911292109125893,0.5160135593748284,0.6468528740069992
94800,627,0.6689654771957269,0.4832870795970755,0.6110881071027064,0.5424370116199937,0.609973223370284,0.5980635226161435,0.5871412375469132,0.5026034920946574,0.6027078906324007
94900,627,0.5751173006560175,0.5338077259325803,0.5777666276423801,0.5329431876514705,0.5888561671434018,0.5808270545395015,0.5850226732540231,0.4993232274700098,0.5880290156152037
95000,627,0.5751173006560175,0.589208361589389,0.5719698086749544,0.5213927133489724,0.6445999301609439,0.5584994771368832,0.5672581311330057,0.5589222728669342,0.5727918411360138
95100,627,0.5551827055947193,0.5532788675329704,0.5605397861426644,0.5243051559708994,0.5462794519593102,0.5529050695857454,0.5620419944911915,0.5447006175256468,0.5573072325607888
95200,627,0.53534771344946,0.5443017128301587,0.5979598439048502,0.528311458624084,0.5462794519593102,0.6256982348958877,0.5360923417916575,0.5699290503600323,0.5468337264281263
95300,627,0.53534771344946,0.5642728684700151,0.5856343491108048,0.522376064121854,0.5359164163415446,0.643222310554135,0.5360923417916575,0.5758588966515661,0.5468337264281263
95400,627,0.53534771344946,0.5642728684700151,0.5892393198860519,0.5942390451210142,0.5344826159378677,0.5671014409680648,0.5280498780535975,0.5555064556961511,0.5777936247947818
95500,627,0.5592918269674927,0.6228579808075307,0.6950090314620415,0.5895151134447989,0.5338569579806685,0.5769232941319152,0.5280498780535975,0.5439206069593243,0.581186417219113
95600,627,0.5582617059247351,0.5846439016649566,0.5826855295771902,0.5637754741786183,0.5841487698788576,0.558300166414326,0.528204017617008,0.5439206069593243,0.5796908596561426
95700,627,0.6061113886185949,0.5566706320188314,0.6137940523502362,0.5865149975341027,0.5707460387860369,0.561814206011048,0.5241193925944546,0.5439206069593243,0.614062407432287
95800,627,0.5956528536175995,0.5566706320188314,0.6240326031116062,0.5865149975341027,0.5988362362089424,0.5783398885499494,0.5341507725212702,0.5640799729196407,0.5845289846273393
95900,627,0.6518476535424628,0.555190778540889,0.5999267682892512,0.5993355613445459,0.6845558420195248,0.5932426724515603,0.5516239393927181,0.5969578475145315,0.5877251164524009
96000,627,0.6683890522411178,0.5443411964097036,0.6075774481974685,0.5921701565948542,0.6735715176277395,0.566289242989477,0.5723844206730833,0.5798432050372997,0.6393704299300127
96100,627,0.6960671299163499,0.5347394186011766,0.621269636846469,0.5921701565948542,0.6039368982050743,0.5674840776255201,0.5903938897374464,0.5618889030062799,0.6790037543807003
96200,627,0.598095145822908,0.5423866251363044,0.5891888972459398,0.5921701565948542,0.5780702470169794,0.573125040185184,0.5847496638761547,0.571103196577061,0.6318467064330766
96300,627,0.5943081343716999,0.6077378899115187,0.5811956217054023,0.5850420623325788,0.585490505623776,0.6003641338672453,0.5874565436969554,0.5841915730514079,0.6341376429150878
96400,627,0.5848714612450002,0.6160327589297571,0.5723946601400511,0.5693834470138007,0.6058809709346566,0.5942498429939482,0.5874565436969554,0.5841915730514079,0.5933683716483809
96500,627,0.5764950719633999,0.5735412640690152,0.6071512095886216,0.6717849372438329,0.5941631685008519,0.5879330683049109,0.5874565436969554,0.5841915730514079,0.5771113708530509
96600,627,0.6056739778536582,0.6615704078466603,0.5919350188778174,0.6000048218850688,0.5969346708646031,0.5879330683049109,0.5997943172050034,0.5841915730514079,0.5839348182577099
96700,627,0.5964807708879395,0.5576515207114758,0.5915286538822058,0.6123418766808993,0.5782987505798451,0.5756064922965656,0.6399049782304566,0.5865274427905419,0.5834324762726177
96800,627,0.5658911421148386,0.5576515207114758,0.5451380388476622,0.5569594995079657,0.5807807353933797,0.5763598626957931,0.5650102249719962,0.5701337553659613,0.5545458540373549
96900,627,0.5481528646988864,0.548475284004149,0.5908819162150019,0.5543161255483492,0.6510226621933535,0.5506122258482342,0.5650102249719962,0.5446541602934734,0.5550785444290279
97000,627,0.5448058517588271,0.548475284004149,0.5389036160684813,0.5904147014003578,0.659552539779411,0.5506122258482342,0.5650102249719962,0.5446541602934734,0.5550785444290279
97100,627,0.5448058517588271,0.5373426314802473,0.5280013987840594,0.540902833556592,0.551612563749552,0.5481050004705157,0.5541891397264352,0.542989864189314,0.5347055665642791
97200,627,0.5223558384144185,0.5338469549460353,0.5280013987840594,0.5343904041425201,0.51939695024449,0.5112119895860741,0.5344145544358975,0.5163106738685014,0.5891268073524555
97300,627,0.5299669635429123,0.5338469549460353,0.5244869599054405,0.5243137370436297,0.509570702278124,0.5345355831937585,0.6389394947744343,0.5109848937897932,0.5932343109692169
97400,627,0.5590169639538484,0.5338469549460353,0.5548927885568364,0.5659881662830488,0.509570702278124,0.5057735143054587,0.5693389169822871,0.5056509737391717,0.5635590165941592
97500,627,0.5554513083755918,0.5158963440054057,0.5438348343093004,0.5380977416627004,0.5055800841483805,0.5057735143054587,0.5551389788877056,0.5052748767906884,0.5465194412901164
97600,627,0.5449925453136514,0.5306762097476858,0.5482019869355247,0.5325710922761507,0.5017873989076449,0.5152285538441613,0.6049246418559955,0.5148047119566066,0.5445595186923503
97700,627,0.558296951267569,0.5391087423464272,0.5536737302875933,0.5325710922761507,0.49973215278574423,0.5152285538441613,0.6875651766523464,0.5148047119566066,0.5514273753928283
97800,627,0.5512105392558191,0.5563396169045024,0.6885363548267038,0.5325710922761507,0.49973215278574423,0.5152285538441613,0.5548520504028402,0.543821737215427,0.5733106455702786
97900,627,0.6225646172814593,0.669335059841035,0.5987449032179456,0.5325710922761507,0.5635207384418117,0.5380664670640778,0.6191548544826485,0.543821737215427,0.5834907068931079
98000,627,0.745282187288105,0.6094022644321766,0.5987449032179456,0.5649305437892264,0.5635207384418117,0.528072699378618,0.6170479895712095,0.5664954766614548,0.5879858205179757
98100,627,0.7429196711541142,0.5929792161876895,0.6038059979891879,0.6203505336217372,0.5423222335477622,0.528072699378618,0.6096111513804534,0.5664954766614548,0.5930409808798992
98200,627,0.6842509838403402,0.5665722777211246,0.6085290613003452,0.6043117922662932,0.5338064090951794,0.6052988211537078,0.6096111513804534,0.5420041770436264,0.5939503712754127
98300,627,0.6183181964095921,0.5744822276659695,0.5918351988682767,0.6054196124124966,0.5338064090951794,0.6045150378196091,0.6245900845346634,0.5420041770436264,0.5930744797617813
98400,627,0.5869083987284902,0.5639807275238667,0.6366630817819531,0.5748193153920416,0.5338064090951794,0.5914474365381304,0.5892963057229934,0.5408788282533155,0.5886755930277214
98500,627,0.5751489791876226,0.5656782301014696,0.5886644468422172,0.5634731767037137,0.5368133316794655,0.580401912231855,0.5846479630168221,0.5392499924652295,0.5811351064805225
98600,627,0.6240271919532512,0.5716496881502657,0.6341182346949665,0.5663302249859623,0.5410952619334943,0.5798665924866367,0.6166900736630495,0.5631772404119574,0.5642566536348772
98700,627,0.6110474039991246,0.5812974525676555,0.6130381186620069,0.5663302249859623,0.5397323811573544,0.5841508016699946,0.6691847482821958,0.6215010254006205,0.5943904426024686
98800,627,0.5788986052537858,0.5744804903012731,0.6122575715241367,0.561958409490462,0.531964525231196,0.5821955628195046,0.576646131416372,0.5852762760946926,0.5854741727112951
98900,627,0.575468676477325,0.6262734083380339,0.5788277782448091,0.618502962689362,0.5192830052443592,0.6548759397811114,0.5710546427284681,0.5933813195918684,0.6318277518826904
99000,627,0.5636174219517378,0.6197588367356726,0.6077182708369893,0.6067589791665702,0.5605664433030961,0.6125221148675277,0.5710546427284681,0.5902182663221318,0.6192937481492844
99100,627,0.5319282047172708,0.5689707284255201,0.5758655336172763,0.5758327331387492,0.5387530272586025,0.5970731536230035,0.558493499439118,0.5675782737356642,0.5531256278223783
99200,627,0.6205167015732392,0.5689707284255201,0.5677248859471382,0.5732796330748504,0.5324632881330782,0.6282193546244553,0.558493499439118,0.5665963181141772,0.5445840403842699
99300,627,0.5511386874054025,0.6167671669611392,0.5504134123096394,0.5522528403973472,0.5544050166526037,0.562841596585353,0.5308520307341811,0.5637683418786804,0.5241890085479461
99400,627,0.5511386874054025,0.5792058370366083,0.5504134123096394,0.5564826090755614,0.5560318306483422,0.6378485311584903,0.5719792618645992,0.5637683418786804,0.5241890085479461
99500,627,0.5299621361881357,0.5777991586438403,0.5273507706152104,0.5836536065093,0.5550458723788311,0.6437397051550301,0.5719792618645992,0.5541282502530438,0.515620230904731
99600,627,0.5112892926700924,0.5684213350301943,0.5082909903302866,0.5777192292526201,0.5550458723788311,0.6029954602141637,0.5719792618645992,0.556674960647563,0.515620230904731
99700,627,0.5630883883200107,0.5604289843880086,0.5100938126570147,0.7032911588818191,0.5550458723788311,0.5637110108432357,0.5581084352425545,0.5543869089898407,0.5111218028626827
99800,627,0.5597713497695145,0.5917473726876451,0.5100938126570147,0.6056655490048181,0.5533431366498661,0.6288378958364454,0.5603712087658853,0.5723129268833159,0.5785726406167786
99900,627,0.5703245855915746,0.5977098204641499,0.5834216767912321,0.6028465037757256,0.5524637403478376,0.6073171136393979,0.5686291942190177,0.5708919113871371,0.5814916675641879
100000,627,0.5703859438650577,0.5860907783277547,0.6388178140839431,0.5838292846885434,0.5524637403478376,0.6500436799888679,0.5686291942190177,0.5708919113871371,0.5835015566799573
100100,627,0.5578291687015949,0.6242584287820313,0.6071044647845373,0.5876442535075905,0.560568190787677,0.6205726981723542,0.5670186956210492,0.5664712966439108,0.5757604412586774
100200,627,0.5487581505305905,0.637752762237408,0.6071044647845373,0.588848135705283,0.560568190787677,0.6009159785008026,0.5593111837221287,0.6054693642747494,0.5894888370643019
100300,627,0.5549980458098781,0.6595327720434919,0.579119760675681,0.5867169395209532,0.5872321134152262,0.6009159785008026,0.5811592005378564,0.5925764252922706,0.5894888370643019
100400,627,0.5549980458098781,0.6655198803258483,0.624882703655274,0.5825845321567398,0.6303297429972231,0.6009159785008026,0.5784116239854027,0.5837413584990361,0.5843048441071039
100500,627,0.5896261097990424,0.5960990663643084,0.6650533366562474,0.5702812290405646,0.5929345521153981,0.6308421801528837,0.5768273238585325,0.604140772564794,0.5982912356189307
100600,627,0.583728645310831,0.6026436919338138,0.5815472876119061,0.5778526783230307,0.6881039453102655,0.6314299364022395,0.6297883615436419,0.5745167777116313,0.5910940022577361
100700,627,0.6657680074596796,0.5867508138082941,0.5731455485686597,0.585390344037802,0.707130965338286,0.6079393041859987,0.6141504614106352,0.5745167777116313,0.6351975753349902
100800,627,0.5960628480795817,0.6354355007614879,0.5460469078627173,0.585390344037802,0.6631115987404856,0.587972266802194,0.6477026255201778,0.5495042278816662,0.5861572775429018
100900,627,0.5825570629126834,0.5926566611672873,0.5904131724048123,0.585390344037802,0.5933872767092517,0.5905224706747976,0.5855705344278647,0.5491009367885401,0.5755918000903135
101000,627,0.5825570629126834,0.5782718141602466,0.5800310410140161,0.5752688314185282,0.5775858363800391,0.6196994886607592,0.5554121938364271,0.6129452648309508,0.5709622637248101
101100,627,0.5995866998785818,0.5782718141602466,0.5991450541939782,0.5752688314185282,0.5775858363800391,0.611979915190564,0.5554121938364271,0.5713625713125426,0.5551665296072282
101200,627,0.5887155314534732,0.5782718141602466,0.5818383871541133,0.5607893490098101,0.5880394810043912,0.6122913655067587,0.5854869991542847,0.596031245553077,0.5551665296072282
101300,627,0.5634690341195341,0.5478292192917893,0.5473452143253731,0.5389304746027478,0.5558858615292708,0.5617734917557481,0.5579746690628342,0.5596309259704332,0.5407447814890252
101400,627,0.6070452154215569,0.5461195460495509,0.7375199166895756,0.5389304746027478,0.5412972984480118,0.5468852030841369,0.5684095730276564,0.5217289547107137,0.5467715889344733
101500,627,0.5756196166498804,0.5210789922691816,0.5722551003232699,0.5579643105150877,0.5412972984480118,0.5334486621779053,0.5684095730276564,0.5217289547107137,0.5757091532911268
101600,627,0.5547163519972551,0.5254797551854559,0.550630709787719,0.5379280768520955,0.5412972984480118,0.6334894686194682,0.5465348689204332,0.5242096488109406,0.5579233017191433
101700,627,0.5394876681900167,0.5593407950377594,0.540703173269504,0.5487660112623334,0.5315295829103254,0.6182909148654764,0.5337175560761706,0.5827452247367887,0.5579233017191433
101800,627,0.5394876681900167,0.5614908139055198,0.551442419861175,0.5675908495083274,0.5315295829103254,0.566088309881359,0.4994106808375685,0.5742446438191003,0.5579233017191433
101900,627,0.5483088532395849,0.5536412780070478,0.5524679636694454,0.5663321320722019,0.5315295829103254,0.5603249085270773,0.5033854774615997,0.5571068922186971,0.5499813127233184
102000,627,0.5483088532395849,0.5467026073403395,0.5544531747241865,0.6041271099501657,0.6276881432435928,0.554492752064991,0.5710303951857393,0.5635074863893784,0.5898676473572562
102100,627,0.538709331114794,0.5528670555439177,0.5485014543995458,0.5508296271376378,0.5666165469464458,0.5429831565433798,0.5477076766865101,0.5564860884629845,0.5894831191850441
102200,627,0.538709331114794,0.6183267534895868,0.540118480580691,0.5451219663842356,0.5488980914113673,0.5429831565433798,0.5477076766865101,0.5524243917251342,0.5494799542088621
102300,627,0.5160149364053196,0.5221684865019608,0.5106546837854667,0.5188896586667147,0.6275623458195156,0.538528426922423,0.5356032276828772,0.527503681442649,0.5333018715600575
102400,627,0.5380615780552326,0.5346150531501346,0.5701760265377778,0.5240518443642551,0.5442954394826681,0.5479636516018771,0.5141220786517511,0.527503681442649,0.5480729235030294
102500,627,0.5325002905241234,0.5405971101337017,0.5328482190088946,0.5130125320029212,0.5284802794537737,0.541976991251174,0.5141220786517511,0.5169692146006881,0.5411188873636269
102600,627,0.5192988213242563,0.591485368284461,0.5620398606363823,0.5285743812073412,0.5256091096696982,0.5596791048963771,0.5668986958540314,0.5126591903156208,0.5104017875064174
102700,627,0.5170711665000983,0.6639864224992154,0.545881912848525,0.5271058002039163,0.5182509844474692,0.5496133474724215,0.5541887233252456,0.5126591903156208,0.5100028112817581
102800,627,0.5559965129364132,0.5701434527444255,0.5389116379232681,0.5372449725270687,0.5140709981775692,0.5496133474724215,0.5408776038197239,0.5501673121312876,0.5100028112817581
102900,627,0.6074819634382764,0.5418850335828143,0.5517303462417801,0.5301817246433482,0.5100559292225804,0.549133730320703,0.6541251205438713,0.5640529756949643,0.5323388599458553
103000,627,0.6014763562375576,0.5689881701890733,0.5385026410748808,0.5419330218478344,0.5066431206108398,0.606456441985676,0.56155787397054,0.5614041964172479,0.5323388599458553
103100,627,0.5626632129546516,0.5730548613073341,0.6009574973276058,0.5419330218478344,0.5129850460573887,0.7045713957699564,0.5429626565337966,0.5622093083635087,0.5323388599458553
103200,627,0.5626632129546516,0.553963263264403,0.5636417613010448,0.53765170635805,0.5124350677094699,0.6332376420775817,0.5429626565337966,0.5552496863077899,0.5811840870117193
103300,627,0.6286387827881343,0.5511838047184925,0.5579380616960571,0.5562221737055341,0.5124350677094699,0.5491753195112685,0.531593450520135,0.5552496863077899,0.5597476041474574
103400,627,0.5585936964530723,0.639340875495039,0.5579380616960571,0.5562221737055341,0.5124350677094699,0.553426914800764,0.5351157425303421,0.5540817789643078,0.518290180074933
103500,627,0.5585936964530723,0.5589765720093671,0.5649011867473144,0.5796691768016436,0.5110122528335602,0.5932923642003118,0.5468962279098661,0.550753620960232,0.5809331133366037
103600,627,0.5585936964530723,0.5594618612207343,0.5649011867473144,0.5679620205192277,0.5110122528335602,0.5614915317198086,0.5468962279098661,0.548819158094325,0.6193468243879291
103700,627,0.5615802409042218,0.576223751321688,0.5945611407881443,0.5689838686287154,0.5110122528335602,0.5541768623270037,0.5468962279098661,0.5451750516093956,0.6466016142860205
103800,627,0.5615802409042218,0.5707509143421934,0.5945611407881443,0.57388552715372,0.4958726526618917,0.5564820609295326,0.6031852687868013,0.5526787244406631,0.6881608760049549
103900,627,0.5554242896731028,0.5613796944002404,0.562660826460012,0.57388552715372,0.494748869099603,0.53983936064649,0.6674383580458695,0.5526787244406631,0.5792004684372117
104000,627,0.5430472241962081,0.5613796944002404,0.562660826460012,0.5622382575442404,0.5296160766434505,0.5376654708763297,0.5694729333005845,0.5459889401814426,0.5934851968477218
104100,627,0.5735569445005902,0.5394415564040183,0.601696102183968,0.5472093862284397,0.6312513424391906,0.5376654708763297,0.5338399863222637,0.5459889401814426,0.541936699443023
104200,627,0.5355315048376351,0.5281400421737142,0.5002383711620969,0.558977930522597,0.5276020785578068,0.5397930919668522,0.5172209187121111,0.5394569178809772,0.541936699443023
104300,627,0.5187975668912608,0.5403009944622869,0.5363606509676504,0.5282683700280705,0.5191099845445775,0.5775765308667279,0.524156002423628,0.5194157529506296,0.5133833969041409
104400,627,0.5024107968603819,0.5670874251963185,0.5610953619590582,0.5282683700280705,0.5645674730515384,0.5740282778397379,0.5734210828733942,0.5194157529506296,0.5012174545692443
104500,627,0.5024107968603819,0.5295202951561649,0.5832863037323343,0.5166883902894096,0.5273534163788582,0.528572924255801,0.5322147985729723,0.5194157529506296,0.5012174545692443
104600,627,0.5024107968603819,0.5147731484831605,0.629664551758844,0.5166883902894096,0.5297082048812077,0.528572924255801,0.5239848788311985,0.5194157529506296,0.5044605370625047
104700,627,0.4880281082040089,0.5147731484831605,0.5203854333144241,0.6045135820813728,0.5195579198096514,0.5237518460722965,0.521740869083299,0.5145132559450356,0.496148700553712
104800,627,0.6012047046966009,0.5155572040771789,0.5201164022171737,0.5152330350336336,0.5202854347754745,0.5389233606730592,0.536139836977959,0.48842929261981455,0.491556039842848
104900,627,0.5608295877381838,0.5155572040771789,0.5144376764909017,0.5395664675219801,0.5202854347754745,0.5376659547989895,0.536139836977959,0.5222719375221215,0.533501494268095
105000,627,0.6176783440039059,0.5599619141186556,0.5578697736304116,0.5395664675219801,0.5143835596730726,0.5395113213274089,0.5428638306051194,0.5170013120919369,0.5340579914168613
105100,627,0.6856390518195051,0.5483445247997292,0.5578697736304116,0.5472540951369945,0.5143835596730726,0.5510005837647691,0.5428638306051194,0.5034055884249775,0.5547705823359128
105200,627,0.6456986754008639,0.6031663126989727,0.562408739056876,0.5472540951369945,0.5143835596730726,0.545819414821322,0.5375328719255799,0.49775958410914894,0.5601331494325296
105300,627,0.6023042190448483,0.573249186211895,0.562408739056876,0.5472540951369945,0.5143835596730726,0.545819414821322,0.5855412334709751,0.5061173546466703,0.6667552205133216
105400,627,0.6147752510466359,0.554962777243609,0.562408739056876,0.5614002815417994,0.5067052593444478,0.5322156733417905,0.5811225045628206,0.5061173546466703,0.548547417366736
105500,627,0.5599525220078536,0.5513346000288141,0.5501740263143041,0.5568025523221033,0.5030700749229873,0.5577039431123496,0.6402051638471302,0.5786103151762736,0.548547417366736
105600,627,0.5807186453893386,0.5741841964007807,0.7185507376991849,0.5549668329080889,0.5701372919181557,0.557500116708927,0.5828523445735325,0.5559967539580226,0.5431084997473348
105700,627,0.5645297286934353,0.539837038619627,0.5992162018409951,0.5549668329080889,0.6345820849739394,0.5442224409435013,0.5634340864421078,0.5444590938443908,0.5431084997473348
105800,627,0.5501396543223199,0.5358992611833145,0.5956119535183855,0.5582371042742492,0.5610701723659802,0.6591278671931833,0.5525706311832401,0.5441460276184961,0.5413425945304763
105900,627,0.5418987706586847,0.5302356387756416,0.5728307208315205,0.5647186456256829,0.5723601287217194,0.5686599396017559,0.5525706311832401,0.5441460276184961,0.5400543729960408
106000,627,0.6002604934544653,0.5302356387756416,0.6455209321393919,0.5647186456256829,0.5695427480285162,0.5991630553037454,0.5513902275642755,0.5599065922074937,0.5400543729960408
106100,627,0.6914635424624025,0.5302356387756416,0.5844273297733844,0.5751304348756108,0.5713398767856318,0.582242374537251,0.5465341902332789,0.572449691577682,0.5435218359952989
106200,627,0.6403462270744469,0.5302356387756416,0.5663652621258854,0.5780391568625584,0.5712804590091812,0.5661414546982337,0.542817191645377,0.5765582704442245,0.5405440430215877
106300,627,0.6051095019561793,0.5243708972501318,0.5610403737942361,0.5780391568625584,0.6092480134307998,0.5601096571558879,0.542817191645377,0.5939067022841898,0.5405440430215877
106400,627,0.563542711715287,0.5267904826086377,0.5665356967139412,0.5549585321202362,0.5581005932809484,0.5595463577710824,0.5754850302238085,0.5618204252143749,0.5449142862890839
106500,627,0.5560442205428338,0.5264986986640545,0.5598189720246625,0.5525696893650418,0.5486179475179446,0.5606729718478878,0.5583277485813815,0.5530038849030716,0.5567706244566214
106600,627,0.5560442205428338,0.525501490743248,0.5603679081835968,0.5566750612024873,0.648164048425994,0.5481808507523361,0.5488606104188503,0.5580864851299568,0.5567706244566214
106700,627,0.5560442205428338,0.525501490743248,0.5416256301071589,0.5470448407865238,0.6178982720773971,0.5256590381078495,0.5488606104188503,0.5974447261616334,0.5935428179789958
106800,627,0.5539578414086286,0.525501490743248,0.5304941051058475,0.5203356947692108,0.6393131888137347,0.5256590381078495,0.5328163060446054,0.5632294460333201,0.5790048198251078
106900,627,0.5424038879254608,0.527815060492137,0.5137156883455709,0.5203356947692108,0.5650395213206597,0.5329024657321144,0.5328163060446054,0.5813588944567915,0.5990637659332199
107000,627,0.6168778207937895,0.5263317206776122,0.6119017088179464,0.5164295097459076,0.5489179512412462,0.5690198248591453,0.513251542880157,0.5581889949296872,0.5468206168633091
107100,627,0.6015514929581384,0.5263317206776122,0.5683081823124987,0.511740971141775,0.539322777052776,0.5653256987090831,0.513251542880157,0.5550771122427739,0.5468206168633091
107200,627,0.554210740149321,0.5838414561496008,0.5603347249781824,0.511740971141775,0.5418188038929047,0.5642147722642403,0.6363275140568383,0.5548453000853567,0.5923760928847445
107300,627,0.5500094560535008,0.5939346450289182,0.6339857996176371,0.567006373927937,0.6005902469199175,0.5642147722642403,0.6089355050075197,0.5404354117365918,0.5974752038089998
107400,627,0.5427151743716823,0.5567950698333226,0.5656852680600826,0.5646135050271418,0.5563545245084643,0.5580097537184823,0.5575010805630257,0.5404354117365918,0.5586105470103843
107500,627,0.5847379906268882,0.5454167163403919,0.5501015283899174,0.5441272773700093,0.547687309897566,0.5681354621534864,0.5575010805630257,0.5320752066741387,0.551944860200053
107600,627,0.5371058887297138,0.5421924858989331,0.5322159827790798,0.5473145872939668,0.5390755321264099,0.558789882393304,0.5417244879947594,0.5453209022569523,0.5454462784214426
107700,627,0.5257015093370035,0.5421924858989331,0.5200864054555439,0.6948929829145343,0.5390755321264099,0.5806757627261413,0.521165684857297,0.5492117980652401,0.5454462784214426
107800,627,0.514000898802895,0.6347106797929034,0.5094142150026897,0.5973960519358076,0.5390755321264099,0.5454405438524604,0.5103316024941799,0.5492117980652401,0.5801821914188562
107900,627,0.514000898802895,0.5689049684017643,0.5094142150026897,0.5621356195561336,0.5317555210209273,0.5176614820966526,0.5103316024941799,0.5492117980652401,0.5440968364158628
108000,627,0.5333432231087417,0.5657218940437627,0.5094142150026897,0.5885078809666511,0.5317555210209273,0.5176614820966526,0.5269822734123063,0.5526694899837057,0.5509671483471804
108100,627,0.5927734679199491,0.5552481840789946,0.5188291394247153,0.5608040499599756,0.5317555210209273,0.511758439209111,0.6499325275737482,0.5526694899837057,0.556975651444571
108200,627,0.5790489061451758,0.5369054600124183,0.5188291394247153,0.5380018480106469,0.525533511581267,0.5091014001987777,0.5689060264975357,0.5526694899837057,0.556975651444571
108300,627,0.5744512903875795,0.5369054600124183,0.5674016410784974,0.5380018480106469,0.5112372858556281,0.49750929680081885,0.5776077812284265,0.5526694899837057,0.5483495507553332
108400,627,0.5652682847122628,0.526930257841036,0.5724962330830115,0.5364329292752608,0.5028976728309773,0.5078758186138637,0.6607189834892759,0.5526694899837057,0.5491818431136469
108500,627,0.5606093301596062,0.5261176552474163,0.6724530116194607,0.5364329292752608,0.5678099648510985,0.5118684867240135,0.5953620521491418,0.5281047782753364,0.5528814550997272
108600,627,0.5486551082478124,0.5261176552474163,0.5362575237712811,0.5348333505677464,0.5221263892510662,0.5145096922321056,0.5573489588383991,0.5244336579167094,0.5381530942096852
108700,627,0.5245450464297404,0.5266214854769979,0.49954509907529615,0.5244993183595119,0.5264419326062073,0.5108860965129202,0.518631289238915,0.555949413830437,0.5271497835982074
108800,627,0.5157551562318624,0.5273023451842425,0.5736388994684514,0.5457623383978774,0.554650762382659,0.5108860965129202,0.7447647945963314,0.5173894228713809,0.5394594556436142
108900,627,0.5508561060204034,0.5316835420051731,0.5867247551690659,0.5464893278240099,0.554650762382659,0.5101568156528914,0.6778599343903471,0.5120256372247416,0.6083345258682321
109000,627,0.5776050082837516,0.5321576696084104,0.5948462770292298,0.546682684908072,0.5472589594494316,0.5205820827867416,0.714077387178926,0.5140229325983677,0.6083345258682321
109100,627,0.5750548188772098,0.5312252719606284,0.5972548735644957,0.5441475945861531,0.591396930597122,0.5228415372612231,0.6913189307134383,0.5841144625094079,0.5990430357489651
109200,627,0.5796559922499199,0.5312252719606284,0.5680425046776676,0.5511336833303903,0.5785221013220176,0.5228415372612231,0.5729907688837147,0.570829926899733,0.5804580548511448
109300,627,0.5515295358537607,0.5285431799272994,0.5411828930790578,0.5477646844467783,0.5521625608248144,0.5192534429449767,0.5456440479224344,0.5522868509856018,0.5502166158638243
109400,627,0.6086404682385924,0.5892311840954092,0.5411828930790578,0.5370936907255093,0.5321728052737815,0.5192534429449767,0.5451926630005425,0.5417405494910944,0.5948526273557673
109500,627,0.5718509966757909,0.5744326511240494,0.5446185010715882,0.5329594029713985,0.5752123750963634,0.5229635807063924,0.5409170965912757,0.5562078109486321,0.660418655464643
109600,627,0.5488364182184768,0.5389100225832415,0.5315528499576794,0.5305501734325937,0.5334651809852322,0.533152964001893,0.5392216816204249,0.5370171863224978,0.5395186211372487
109700,627,0.5607476121284602,0.5301374364041063,0.5278541711712433,0.5339981060394166,0.5335327232309065,0.5374351373234149,0.5392216816204249,0.5781900888406372,0.5346796520480889
109800,627,0.5387283966784215,0.5253411783975995,0.5174455492863936,0.5458945043555362,0.6089144147558938,0.5441768874053731,0.5242326273289767,0.5523169245343548,0.5259323669443212
109900,627,0.5387283966784215,0.6377048588754879,0.5174455492863936,0.5479359582559331,0.5400378308026299,0.5332683140411254,0.5126490199894898,0.6103661908749458,0.5102819159009516
110000,627,0.5302350109307735,0.5470126151266548,0.5028710165545885,0.6117755318469646,0.528882650984358,0.5287344578957626,0.5040862687051891,0.545940541305856,0.5337051556421117
110100,627,0.5206289894010743,0.5470126151266548,0.598639194011442,0.6124540784415954,0.5193891232595853,0.5802785898117877,0.5040862687051891,0.540535263053447,0.5337051556421117
110200,627,0.5206289894010743,0.5470126151266548,0.5644496384432189,0.5972632934927185,0.511138322090876,0.5791162031167457,0.5678483479806005,0.540535263053447,0.5337051556421117
110300,627,0.5206289894010743,0.5470126151266548,0.5447784618071112,0.5509835998395749,0.49730976137927796,0.5459232379106317,0.6117946524444781,0.5293716435099548,0.5337051556421117
110400,627,0.5128514434490267,0.5110445892567592,0.515356609982554,0.5182103195898532,0.5024369710119877,0.5208846054868489,0.5245377367891209,0.5196435972370601,0.5627149748760186
110500,627,0.5128514434490267,0.5410257961547653,0.5157008851834789,0.5182103195898532,0.5024369710119877,0.700238325455552,0.5276637116112418,0.5488455194762902,0.5156268896047186
110600,627,0.5748289387183154,0.562187037087858,0.5790909955394953,0.5232900909178804,0.5024369710119877,0.6134143945152258,0.5276637116112418,0.5488455194762902,0.5144543691178972
110700,627,0.5408510751652728,0.5506036793555622,0.5433060416044909,0.5413743876825658,0.5067950991997909,0.5422528065600277,0.5394089548776068,0.5488455194762902,0.5144543691178972
110800,627,0.5300868912646488,0.6419867567853945,0.5396394923856812,0.5247935365393994,0.5041622119446451,0.5422528065600277,0.6666310440945966,0.6055227662887095,0.5205570905029571
110900,627,0.5895915729308353,0.5831580119660029,0.5396394923856812,0.5223480127511312,0.5528708183846395,0.5312433920845184,0.6014942592995898,0.585022857853898,0.5205570905029571
111000,627,0.5559759736726305,0.535736907036332,0.6313731767656435,0.5223480127511312,0.5406265224282596,0.5461783785973889,0.5479309301995918,0.5545856734886176,0.5146634626582461
111100,627,0.5376683325914089,0.535736907036332,0.5815337372243177,0.5190375957217735,0.5407861718427744,0.5116351051055549,0.5479309301995918,0.5373745539464497,0.5146634626582461
111200,627,0.6402966007482106,0.5534328852391339,0.5534145977901552,0.5190916424504485,0.5341991861900162,0.5186845849442725,0.5221883353935143,0.5336615315755235,0.5079598399576579
111300,627,0.5500408750490445,0.5526937948701952,0.5781742884309838,0.5173890025795184,0.5226159298873589,0.5301260764119866,0.5141607062083037,0.5287390056377613,0.5014953221779407
111400,627,0.5500408750490445,0.5715561404423639,0.5180106636098153,0.5193785823292916,0.5226159298873589,0.5488717582062871,0.5775609249008757,0.5794587221705746,0.4846902004676873
111500,627,0.5198056392896031,0.5197101310644813,0.5180106636098153,0.5267120636246387,0.5171012312789746,0.5652507968135094,0.697716579125664,0.5433992295385298,0.48187266576061016
111600,627,0.5136651110527967,0.5100197520564512,0.6231531220374703,0.5267120636246387,0.5171012312789746,0.5546964798605245,0.5631762698197189,0.5471296137524913,0.48666806018812436
111700,627,0.5251509961967675,0.5545394497173551,0.5456627718756609,0.5267120636246387,0.5545914474154308,0.5546964798605245,0.5713157893886753,0.595784581470905,0.4986625340635559
111800,627,0.5866742182397626,0.5396924600657343,0.5335583485996814,0.5267120636246387,0.5466750995225663,0.5419775500335363,0.5462227260390626,0.5427762839144644,0.49030963915431885
111900,627,0.5442306026130488,0.5369301028410677,0.5223252985633905,0.5267120636246387,0.5628934293156594,0.5449216205267887,0.5455249451388943,0.53392123217114,0.4863734284911534
112000,627,0.5310636173213218,0.5281510139896641,0.514945206882441,0.5245072476712941,0.6114812121447014,0.5451526615838684,0.5391939520607145,0.6813439062113457,0.49278512855267614
112100,627,0.5274023878621306,0.5281510139896641,0.514945206882441,0.5288107723032308,0.708260644577137,0.6027435877447292,0.5311774658216171,0.5833780414314114,0.49278512855267614
112200,627,0.5295671102734091,0.5213939570776973,0.5100149108813657,0.5761134492032476,0.5738348123982429,0.5780057801672616,0.5311774658216171,0.5672914442460965,0.49278512855267614
112300,627,0.5295671102734091,0.5396236547051241,0.5086730582080228,0.6026075330247294,0.6039755151345603,0.5674313932513467,0.5365574223134071,0.5672914442460965,0.4967295275879786
112400,627,0.536390365108523,0.5396236547051241,0.5097774972915349,0.5586915087644334,0.5972015058792428,0.5572231946543201,0.5654773769979828,0.5583443748222147,0.5020870696395382
112500,627,0.5522488551820586,0.5396236547051241,0.5097774972915349,0.5586915087644334,0.6999403717409073,0.5573367854511226,0.5637300638269591,0.5583443748222147,0.5665305313125883
112600,627,0.5528569827966023,0.5396236547051241,0.5097774972915349,0.5533789970853532,0.7227985302041331,0.5642278653086419,0.5637300638269591,0.5528680080794015,0.5665305313125883
112700,627,0.5476703143812442,0.5432945194021799,0.5110527517019369,0.5533789970853532,0.5509603567358708,0.5828189099017318,0.5555590861393235,0.5445800411820779,0.5549865973112696
112800,627,0.5476703143812442,0.5432945194021799,0.5110527517019369,0.5539702101899127,0.5294328312974109,0.6542639235449058,0.5667536350613449,0.560887690868514,0.5613966068288773
112900,627,0.5443914431123226,0.5432945194021799,0.5133050216284194,0.5590425172402118,0.5294328312974109,0.5739026138566407,0.5723227392832267,0.6846360198454288,0.5442710907553474
113000,627,0.5765515013841357,0.5446048176751551,0.531454802650208,0.6153605241021115,0.5300393447218348,0.5625494859214596,0.7392537382029429,0.5723097980439946,0.5536154636901526
113100,627,0.5843426886598815,0.590146210219272,0.5411955618426353,0.6495747496279485,0.5300393447218348,0.5625494859214596,0.6589546653851746,0.5671635025311446,0.5659650776030711
113200,627,0.5843426886598815,0.5789480372305249,0.5996899023978104,0.6094821823878609,0.5300393447218348,0.5625494859214596,0.6617156953425418,0.5671635025311446,0.5659650776030711
113300,627,0.5843426886598815,0.5706507237746344,0.6482038589913307,0.596015431983429,0.528001760811747,0.5843361392164178,0.583661660528146,0.6222956387973435,0.5602833910101074
113400,627,0.561277103563312,0.5618142571841671,0.5714873399333904,0.5780955277583263,0.5244845593524681,0.5698520647035888,0.5730001979546887,0.5765488834111876,0.5602833910101074
113500,627,0.5580984095133309,0.5618142571841671,0.6212630200401701,0.5601498097347742,0.5154199772999022,0.5656511737940699,0.5639259277306533,0.5669787469028177,0.552849142782267
113600,627,0.5485458871340804,0.5612329753830183,0.5559103366769717,0.5601498097347742,0.5154199772999022,0.5621231546552228,0.558120363015165,0.59578345944506,0.5483134813970535
113700,627,0.5946926139237715,0.5461430274583561,0.5473553268925307,0.5449831728514287,0.5192638912230394,0.545736339217477,0.6293669604493984,0.548306460808446,0.5483134813970535
113800,627,0.6004272392559931,0.5644710386097637,0.5473553268925307,0.5375892453339142,0.5847335162312425,0.6019985322588091,0.5653194822010721,0.5399709724039753,0.5233367935424263
113900,627,0.5809103060944831,0.5644710386097637,0.5397886211865724,0.5528524823713059,0.5847335162312425,0.6316939451001293,0.5546365000152286,0.5302145454721767,0.5846971286795702
114000,627,0.5809103060944831,0.5693363810190659,0.5863642688834594,0.5528524823713059,0.5847335162312425,0.6350792941383075,0.5925644432459667,0.5426833620380859,0.5846971286795702
114100,627,0.5714654454079459,0.5609406667443165,0.5817476736952862,0.5531076227085505,0.5838374226529054,0.5599851657304136,0.5793266568444835,0.5382856006104835,0.6414265403896043
114200,627,0.5795281269128708,0.5609406667443165,0.5659168577758044,0.5834955493216049,0.5595912545203734,0.5599851657304136,0.5670961635722666,0.5382856006104835,0.5637824295378654
114300,627,0.6405942851421742,0.5721033340945647,0.5638040198436524,0.5626480975792904,0.6131470697457716,0.5599851657304136,0.5767967512647222,0.5312314558320058,0.5949746032955086
114400,627,0.5935471799010633,0.5721033340945647,0.5990361755744696,0.5794250987239313,0.5875647345665108,0.550461162138646,0.5765377153479841,0.5407134319929461,0.5828898243305066
114500,627,0.5826047343020844,0.5596136769640645,0.6155017470499334,0.5794250987239313,0.5924904280444838,0.5633321207881038,0.5765377153479841,0.5386595952881821,0.5828898243305066
114600,627,0.5759087476409575,0.5645384357331278,0.5696442503135865,0.5794250987239313,0.5757666253258235,0.5731905270563257,0.5765377153479841,0.5386595952881821,0.5674962084078166
114700,627,0.540039211578151,0.5462332547033969,0.5574117442995379,0.6799189396251548,0.5538635021450085,0.5644084757669556,0.5479178847467169,0.5386595952881821,0.5533723985631164
114800,627,0.540039211578151,0.5586940467699667,0.5574117442995379,0.5813610027236005,0.5363636801043437,0.5644084757669556,0.5905255787087429,0.5612168097378032,0.5357273760241249
114900,627,0.5353813931245567,0.5551017439601443,0.5574117442995379,0.5742980655791179,0.5662988118596941,0.5613081283165181,0.6203451237594927,0.5579968663914913,0.5357273760241249
115000,627,0.5353813931245567,0.5551017439601443,0.5574117442995379,0.5611016505373196,0.6153315977480748,0.5570405690559048,0.6074114582018252,0.5579968663914913,0.5357273760241249
115100,627,0.5222616275190222,0.5435122346592712,0.5468243148424489,0.5611016505373196,0.636087420024653,0.5527326461176012,0.5636425047425313,0.5611581163741908,0.5325775290834673
115200,627,0.5078424088712163,0.5477362379095456,0.5691050175063308,0.5611016505373196,0.5745708524768103,0.5926982247295364,0.5636425047425313,0.574666329350599,0.5325775290834673
115300,627,0.5014527261682056,0.5477362379095456,0.5535259435080528,0.5709588385320782,0.6430740183403705,0.5521982814925063,0.5954266259564829,0.5483111879022265,0.5930586836727378
115400,627,0.5076801372774037,0.575006648866766,0.5535259435080528,0.5662155261329218,0.6208957480835618,0.5521982814925063,0.5743069056342501,0.5268253120440174,0.5652299337859261
115500,627,0.5007821504132596,0.5617154245456372,0.5528294596209928,0.6397427881110342,0.5585406883955694,0.5626751719603647,0.5604537985510213,0.5268253120440174,0.5604816223863794
115600,627,0.4975189841658189,0.554521028207648,0.5528294596209928,0.5570028752220332,0.5585406883955694,0.6000326140911687,0.6526457412765105,0.5341253601613324,0.5589187246717753
115700,627,0.4975189841658189,0.5540470486625615,0.5348368013231094,0.5570028752220332,0.6280494655416484,0.561485969368553,0.5610678029932672,0.5415840088438753,0.5589187246717753
115800,627,0.4975189841658189,0.5322606323434036,0.5790303927990667,0.5570028752220332,0.5641234589006059,0.5717002320180876,0.6832428520191707,0.5460800779521221,0.5458414920848406
115900,627,0.4975189841658189,0.5677106621583327,0.5660265131548989,0.5596545394552639,0.6035647969927482,0.5994331079985583,0.5971740577693695,0.5351061890924971,0.5392571938459646
116000,627,0.5046706945065643,0.5531689150147041,0.5531747919395941,0.5462261581968293,0.5863597526928008,0.5537941599930972,0.5917145412017377,0.5276509460599709,0.5304208705269999
116100,627,0.5046706945065643,0.5610019302386646,0.538940594809511,0.5481258916976814,0.5513661433683996,0.5511795731406658,0.5519855422747294,0.5276509460599709,0.5270738735369613
116200,627,0.5046706945065643,0.5495040295435415,0.5278448233451841,0.5481258916976814,0.5499611159589896,0.557399547622809,0.6417572927211428,0.5520099714499971,0.5386756371012329
116300,627,0.5542203692507793,0.5495040295435415,0.5116867758582223,0.5515083196019169,0.5510853523996163,0.6346473945414026,0.5463439746058429,0.5537893255062164,0.5295139910879596
116400,627,0.5378649149741931,0.536877856717725,0.4970061084601679,0.534749165954775,0.5412456112832013,0.5368730551647795,0.5304232151534137,0.5410209210954273,0.6519810540317481
116500,627,0.5141027021691732,0.5228996146983331,0.4970061084601679,0.5197584906338232,0.6085552635768691,0.5186887886220776,0.520706510578682,0.5121158346496212,0.5126860763238337
116600,627,0.4911702182219743,0.5081399230064813,0.4970061084601679,0.517304566709759,0.6313352947122775,0.5186887886220776,0.50711397851496,0.5059107470342165,0.5126860763238337
116700,627,0.4911702182219743,0.5081399230064813,0.4970061084601679,0.5160714361768229,0.536220080972917,0.5186887886220776,0.50711397851496,0.49600819838048243,0.5190824995094155
116800,627,0.4911702182219743,0.4972859108693815,0.4970061084601679,0.5160714361768229,0.5624153068232554,0.5969842800687702,0.5156478570442705,0.5026576184897829,0.522471330619275
116900,627,0.4911702182219743,0.534898629424505,0.6583872610558997,0.5030026423856054,0.5547668415566834,0.5463167951531867,0.5197113269762625,0.5230145054458146,0.5840512630397701
117000,627,0.49947572380156424,0.5949801025536833,0.5982243189827458,0.49173602372192216,0.6935182052995195,0.5510705423411525,0.5817195764664093,0.5230145054458146,0.5902812736354401
117100,627,0.49947572380156424,0.5771848220714627,0.5982243189827458,0.49543105174043384,0.678211484001888,0.5510705423411525,0.5913052126932035,0.49508092730550723,0.5902812736354401
117200,627,0.49113973317176013,0.6221770267834905,0.5982243189827458,0.49685722034622665,0.6850441569918845,0.5510705423411525,0.5719176445991849,0.4830311983814241,0.5902812736354401
117300,627,0.49113973317176013,0.55917408774843,0.6088215949633377,0.5614939785445777,0.5701335601183866,0.5464172516186148,0.5553618337845582,0.4904467491288211,0.5605643219389055
117400,627,0.4724140139987275,0.5336846473562653,0.5349793348037856,0.5664257334990991,0.5455033423304771,0.7110521621625242,0.5268024722321814,0.5014597452351688,0.538298462364735
117500,627,0.4658220554663903,0.5815188038534992,0.5189480553859284,0.5255753893303736,0.5334061250051925,0.5372303764739694,0.5268024722321814,0.5118819029814377,0.5329326253133978
117600,627,0.4625375210119372,0.5387726953638539,0.5189480553859284,0.5280304601820435,0.5286211833159394,0.5214091459570896,0.5268024722321814,0.5118819029814377,0.6074786280525495
117700,627,0.4625375210119372,0.5233730952902337,0.5189480553859284,0.5897280107900658,0.5198260476200385,0.5214091459570896,0.5137565203795871,0.5092604368287442,0.5238788645228533
117800,627,0.4625375210119372,0.5233730952902337,0.5189480553859284,0.6119866760575209,0.5198260476200385,0.5235779214747642,0.5137565203795871,0.5092604368287442,0.5238788645228533
117900,627,0.4572323265177245,0.5293707009819287,0.5073870441223676,0.5897073433545637,0.5260905001645698,0.5235779214747642,0.5137565203795871,0.5243519197763641,0.4988200485955404
118000,627,0.4572323265177245,0.5185824494786869,0.5073870441223676,0.5168396078426002,0.5979237126497317,0.5191664628549365,0.5024986653664301,0.5243519197763641,0.49009124567505324
118100,627,0.45463206711154214,0.5153796760829993,0.5073870441223676,0.5168396078426002,0.6388136019406448,0.5101061798351502,0.49327933436290267,0.5666729433412155,0.5560302174112162
118200,627,0.4538940044812089,0.529667620106437,0.5424301425172462,0.5168396078426002,0.5394467307458334,0.5101061798351502,0.5049408399436216,0.5892288350358117,0.5281225676194868
118300,627,0.4912790331495258,0.5380495362703779,0.589186406504841,0.5459665265656181,0.5273538649509536,0.5274373578051994,0.5049408399436216,0.5666223088092415,0.5281225676194868
118400,627,0.47954859185616255,0.5361282123544019,0.5366414291990725,0.6461470572994595,0.5073824034221981,0.5464956674708181,0.5680951025593278,0.5685869313682022,0.5281225676194868
118500,627,0.47954859185616255,0.5415064875694514,0.5321649159033953,0.5545453905644151,0.5073824034221981,0.5464956674708181,0.5224099575266354,0.5341005147156629,0.5281225676194868
118600,627,0.4677071054378598,0.5093055056246678,0.49596918811896157,0.5110496409838232,0.5073824034221981,0.5132254005802231,0.6153416595591645,0.5127940598858975,0.5093906015872706
118700,627,0.4657306799347376,0.5093055056246678,0.49101111312789963,0.5777410800429611,0.4985263929736327,0.5132254005802231,0.587259279248798,0.5132295705989172,0.5007529134285854
118800,627,0.4657306799347376,0.5093055056246678,0.49101111312789963,0.5639120283510999,0.4985263929736327,0.509685518600148,0.5357158301629422,0.49940680660009173,0.5007529134285854
118900,627,0.4588318335895221,0.5093055056246678,0.49101111312789963,0.5095917404545433,0.4909141608915002,0.6284669522506294,0.5093848723137676,0.5403683709951441,0.49673827752048955
119000,627,0.5330282473200255,0.5093055056246678,0.491411229277868,0.5192676447961811,0.4909141608915002,0.5437937478502263,0.5093848723137676,0.5403683709951441,0.4949958960246119
119100,627,0.5414348642604405,0.5093055056246678,0.491411229277868,0.5192676447961811,0.5363504030179318,0.6344331457437011,0.5093848723137676,0.5485208548565506,0.5654261573266715
119200,627,0.5495122764580701,0.5093055056246678,0.491411229277868,0.5140718372360977,0.5224804190662106,0.5548662340471995,0.5093848723137676,0.5485208548565506,0.548581165028076
119300,627,0.524612107382048,0.5060483909153414,0.49021277317888085,0.5124737568011005,0.5224804190662106,0.6636614835222284,0.5093848723137676,0.5257953921007004,0.5202155406230112
119400,627,0.542432490960235,0.504272023524169,0.49021277317888085,0.5098523149724205,0.5106909327072475,0.5197612677073358,0.49900426762494954,0.5446024094830808,0.49421811619148515
119500,627,0.5251520893517005,0.504272023524169,0.49021277317888085,0.5228614151022779,0.5118527328269821,0.5151018307321003,0.4872298108255433,0.5848350454259028,0.49421811619148515
119600,627,0.5025809121736964,0.504272023524169,0.4829626278868848,0.517022448559649,0.5109053798665929,0.6574521969648813,0.4806698299004166,0.5167449248173873,0.49421811619148515
119700,627,0.4939818001962532,0.504272023524169,0.5501437739745134,0.517022448559649,0.5104222979383902,0.5479008804251111,0.4761730288697172,0.543967746292601,0.49421811619148515
119800,627,0.4939818001962532,0.5001392021222595,0.5745740651466034,0.5569567489803241,0.6530902480446672,0.5783110433491477,0.4761730288697172,0.5705917681740778,0.49421811619148515
119900,627,0.4939818001962532,0.5001392021222595,0.5745740651466034,0.5763371571090249,0.5827543589772158,0.5783110433491477,0.47294882719295406,0.5705917681740778,0.49421811619148515
120000,627,0.4895221323435941,0.5001392021222595,0.5745740651466034,0.5763371571090249,0.6687964132143591,0.5783110433491477,0.487563447432945,0.5705917681740778,0.48972300093954124
120100,627,0.48985626868842275,0.5001392021222595,0.5745740651466034,0.5763371571090249,0.5712778085422489,0.5747711451037386,0.5693695158370476,0.5686831800263488,0.48972300093954124
120200,627,0.4801020272956466,0.5001392021222595,0.5672659774237582,0.5857639504730534,0.5712778085422489,0.5723156052998128,0.5311586332955371,0.5686831800263488,0.5561064530213576
120300,627,0.4716581046838144,0.5001392021222595,0.5511193215275894,0.5569525754015585,0.5565164575668406,0.5469297233810779,0.5152090372116939,0.5524631867131506,0.5561064530213576
120400,627,0.49075631789324964,0.5001392021222595,0.5511193215275894,0.5459302340218087,0.5490637008314954,0.5461306810030947,0.5571045997713712,0.5594857277957612,0.5638630757537176
120500,627,0.49423598176381073,0.5080478579523812,0.5511193215275894,0.5339378026129492,0.5490637008314954,0.5461306810030947,0.5812820404972763,0.5508486629259803,0.5577731284853021
120600,627,0.49423598176381073,0.5080478579523812,0.5444779942612537,0.5337109135716145,0.5490637008314954,0.5348416028028739,0.5373589133515526,0.598370394261407,0.544264593940772
120700,627,0.5136340429487921,0.5714214721103225,0.5469760815864978,0.5311512745190129,0.5427288576064518,0.5236171584178043,0.6163653898211655,0.5535796338376052,0.544264593940772
120800,627,0.5818594880713572,0.5714214721103225,0.5469760815864978,0.5508564418807144,0.5506122302700007,0.5678136594866664,0.5612667294147254,0.5770160601717613,0.544264593940772
120900,627,0.6831492387043274,0.5898318959898556,0.5697165856774425,0.5689248257081819,0.5506122302700007,0.5678136594866664,0.6168251084077725,0.5770160601717613,0.544264593940772
121000,627,0.6185347611548503,0.5983299085144075,0.5697165856774425,0.5689248257081819,0.5506122302700007,0.5673789061893925,0.6087611702545537,0.5653857240307397,0.544264593940772
121100,627,0.6329394267475851,0.5983877987212598,0.6192551091174109,0.5766856985376785,0.5644532948329631,0.5753698126654914,0.6087611702545537,0.5522157058252672,0.544264593940772
121200,627,0.5957757346185736,0.5983877987212598,0.664304435951294,0.5766856985376785,0.5644532948329631,0.5702119082039476,0.6523863052394142,0.5532806791294735,0.544264593940772
121300,627,0.5957757346185736,0.5864084362777549,0.6213053998111118,0.5766856985376785,0.5890412470769595,0.5548663719516046,0.6139126778722642,0.5532806791294735,0.544264593940772
121400,627,0.5851636755487691,0.5864084362777549,0.5932737271198794,0.5671854848917023,0.5909510883361214,0.5548663719516046,0.5951857253058146,0.5441011091312455,0.544264593940772
121500,627,0.5820274938373783,0.5535083078469586,0.5669817332270302,0.5663111983636268,0.5763478298039174,0.5548663719516046,0.5765682607205337,0.5441011091312455,0.540465667686078
121600,627,0.6853147667230959,0.5282467090310565,0.559335322069188,0.5426968604328234,0.5532121767327546,0.5548663719516046,0.5611903257936742,0.5441011091312455,0.540465667686078
121700,627,0.605612776423887,0.5989334708087652,0.559335322069188,0.5406541343418595,0.5532121767327546,0.5548663719516046,0.5611903257936742,0.5441011091312455,0.540465667686078
121800,627,0.7221439830617243,0.5842033704354738,0.5584718318770259,0.5406541343418595,0.5589129862211607,0.5548663719516046,0.5611903257936742,0.5481604192112763,0.5513928484341777
121900,627,0.6779421373920927,0.5942445376987983,0.5584718318770259,0.5503048738372359,0.5589129862211607,0.5548663719516046,0.5656262584537186,0.5481604192112763,0.5568837169871935
122000,627,0.5693593609675042,0.6458133700006728,0.5584718318770259,0.5503048738372359,0.5589129862211607,0.5548663719516046,0.6950366036973618,0.5481604192112763,0.5568837169871935
122100,627,0.5661437762335102,0.6804931650412895,0.5584718318770259,0.5395821869620877,0.5589129862211607,0.5540275673623639,0.5881642478762278,0.5481604192112763,0.5568837169871935
122200,627,0.5661437762335102,0.5802895461649674,0.5584718318770259,0.5395821869620877,0.5589129862211607,0.5395499901986858,0.5945149294889532,0.5427835270774475,0.6283508363860484
122300,627,0.5558147966204137,0.5454629028363351,0.556231385185179,0.5284580393716084,0.6319363327552393,0.5256957735633498,0.5589754355914733,0.5427835270774475,0.5576799036121839
122400,627,0.5558147966204137,0.5454629028363351,0.5511506488422766,0.5056215994567271,0.5533099229491384,0.5256957735633498,0.5292101201286846,0.5427835270774475,0.6323025385324055
122500,627,0.554127464282033,0.541318919781892,0.6524488854827329,0.5056215994567271,0.5533099229491384,0.5256957735633498,0.5258379428572408,0.5372527795247303,0.5523744241361678
122600,627,0.5414313239933136,0.52401937665672,0.5853803037030689,0.5056215994567271,0.5456256234401514,0.5256957735633498,0.5258379428572408,0.6141347955163932,0.5404701504074874
122700,627,0.5276834719784511,0.52401937665672,0.5333626972912945,0.5262209187229481,0.5442507539362802,0.525593655430481,0.5258379428572408,0.5848981551538565,0.5322116082166195
122800,627,0.5276834719784511,0.6139527933528092,0.5182137527301086,0.5117336409062826,0.5442507539362802,0.525593655430481,0.5025159139589739,0.5460225271633987,0.5220926059570203
122900,627,0.5276834719784511,0.5262312609534756,0.5047822146926912,0.5117336409062826,0.6028198627069562,0.525593655430481,0.5025159139589739,0.5411662262759177,0.5078955204525076
123000,627,0.5131211022606975,0.5262312609534756,0.5047822146926912,0.5157267276984915,0.5243343309187751,0.525593655430481,0.5025159139589739,0.5925301118617501,0.48601343316536777
123100,627,0.5131211022606975,0.5262312609534756,0.5243177655880628,0.5174959525874361,0.5243343309187751,0.525593655430481,0.4983712679144739,0.6304186928148117,0.48601343316536777
123200,627,0.5601737195391832,0.5262312609534756,0.5230130251023882,0.5174959525874361,0.5243343309187751,0.525593655430481,0.49103835055567097,0.650451029662323,0.48173599767910513
123300,627,0.5263098293498327,0.5262312609534756,0.5230130251023882,0.5164536982624275,0.5243343309187751,0.5415444346255787,0.47944690956933744,0.5459309568010848,0.48173599767910513
123400,627,0.5111380258509621,0.5745906064335763,0.5083357422406343,0.5107632943194355,0.5105704116548605,0.49725382324130957,0.4716901595436417,0.5074472889558732,0.474089549738239
123500,627,0.4982207549836441,0.5020488909741593,0.4857019276329528,0.583401458922245,0.5168076300556488,0.49725382324130957,0.4645034944661845,0.5056771019914345,0.474089549738239
123600,627,0.4982207549836441,0.5037804704512884,0.5755582549038927,0.48851182082285954,0.49440576992166185,0.5055058941518105,0.5350594956392644,0.4986829430020919,0.474089549738239
123700,627,0.4982207549836441,0.5037804704512884,0.6508534762548329,0.47649222493714244,0.49440576992166185,0.5074087102533827,0.5214340596316716,0.4986829430020919,0.5437102407724864
123800,627,0.4982207549836441,0.49939739357619434,0.6243631965455221,0.47356116233455564,0.49440576992166185,0.4856228409492786,0.5172811027756045,0.4986829430020919,0.5436423958568366
123900,627,0.4982207549836441,0.49939739357619434,0.6678884611057628,0.47356116233455564,0.48999501563899456,0.4856228409492786,0.5172811027756045,0.4898958822631257,0.6058266922413043
124000,627,0.4982207549836441,0.49178821685120316,0.5419929330624697,0.467742508627713,0.47964254496423736,0.4856228409492786,0.5149553802875064,0.4819594567583853,0.5155424852779453
124100,627,0.4982207549836441,0.5158189370991629,0.5305977716387329,0.4631290891682845,0.4763941050012336,0.4856228409492786,0.5149553802875064,0.4819594567583853,0.5142366189221508
124200,627,0.5221336453135801,0.5046465830769389,0.495807160283539,0.4631290891682845,0.4763941050012336,0.4856228409492786,0.5022503849094826,0.48554515839556317,0.49946341307692266
124300,627,0.5633914945699694,0.5046465830769389,0.495807160283539,0.4631290891682845,0.4763941050012336,0.4856228409492786,0.5493715743573173,0.5526689496827338,0.49946341307692266
124400,627,0.5375194730025543,0.5046465830769389,0.495807160283539,0.4631290891682845,0.47284870004932417,0.5394694545867549,0.5421407184185634,0.5392376384018452,0.5062393330865128
124500,627,0.5151251180158153,0.5046465830769389,0.495807160283539,0.46173097948863095,0.4698129663212341,0.5120160686019505,0.5652595194217345,0.5164470377066307,0.5057421773967075
124600,627,0.5676655527380192,0.5046465830769389,0.5618577454055217,0.4628382903702026,0.46716526376349793,0.5020978043993577,0.6372426362666247,0.5164470377066307,0.5700285278401892
124700,627,0.5410297686232491,0.4977618736761297,0.5545700636553776,0.4628382903702026,0.46716526376349793,0.5020978043993577,0.554593456702136,0.5905311296134057,0.645133472204404
124800,627,0.5278907410743353,0.4977618736761297,0.52659453024014,0.462706629326104,0.46716526376349793,0.49499573711233585,0.5238655050833312,0.5288472275558034,0.538315522876771
124900,627,0.6033076645145754,0.4977618736761297,0.52659453024014,0.462706629326104,0.4758121213534955,0.49499573711233585,0.5238655050833312,0.5298564808427036,0.5736266832580785
125000,627,0.7334045160322655,0.4977618736761297,0.52659453024014,0.462706629326104,0.4758121213534955,0.48751490423623134,0.5277507142874741,0.5130435002517917,0.5486484076938846
125100,627,0.636140732000425,0.5182071151361151,0.519924129849848,0.462706629326104,0.4785884077809419,0.48751490423623134,0.5263141572373788,0.5130435002517917,0.5571161746270544
125200,627,0.717910774169037,0.5182071151361151,0.53523006594753,0.462706629326104,0.4785884077809419,0.5059797397800434,0.5263141572373788,0.5110133977239631,0.5571161746270544
125300,627,0.6770106839754799,0.515130813430818,0.53523006594753,0.462706629326104,0.5471261609195853,0.5059797397800434,0.5566044014861382,0.5110133977239631,0.5593970597631756
125400,627,0.6589446764044665,0.515130813430818,0.53523006594753,0.47356882352159113,0.5351416269520152,0.5709927868633573,0.5253934673282827,0.5110133977239631,0.5407512537543098
125500,627,0.6387436503156947,0.515130813430818,0.53523006594753,0.47356882352159113,0.5351416269520152,0.5392395807438303,0.5347282108310376,0.5110133977239631,0.5757263051719214
125600,627,0.7852183742749861,0.515130813430818,0.53523006594753,0.4696936302322627,0.5351416269520152,0.5392395807438303,0.5588003941500514,0.5110133977239631,0.5757263051719214
125700,627,0.5424017193866387,0.515130813430818,0.53523006594753,0.47113808924961076,0.5249547730795805,0.5392395807438303,0.5416703731340085,0.5110133977239631,0.5592661223586323
125800,627,0.6852060926838812,0.515130813430818,0.53523006594753,0.47113808924961076,0.5037115219143665,0.5392395807438303,0.5416703731340085,0.5046317295443461,0.6235647308210438
125900,627,0.5932881725423973,0.515130813430818,0.5365689364438635,0.4773273826497053,0.4950693485624895,0.556179592719931,0.5947247865396409,0.49607338624612046,0.5633462497780894
126000,627,0.5533581996812647,0.515130813430818,0.5365689364438635,0.5028067350108802,0.4950693485624895,0.556179592719931,0.6114504591220187,0.5247142115698475,0.5475258071526344
126100,627,0.549767261434346,0.515130813430818,0.5365689364438635,0.4920180854303376,0.4988565679731021,0.538234365943587,0.668843894728596,0.4881233979642659,0.5475258071526344
126200,627,0.549767261434346,0.5037251703410506,0.5400982640339231,0.4920180854303376,0.4988565679731021,0.538234365943587,0.6068827082386868,0.4881233979642659,0.5475258071526344
126300,627,0.5267092434960859,0.5037251703410506,0.5284485635271735,0.4920180854303376,0.4988565679731021,0.5243481638851789,0.5963915100459914,0.48056961240950963,0.5230821930014626
126400,627,0.5267092434960859,0.5037251703410506,0.5897656792938099,0.4920180854303376,0.4988565679731021,0.5113606634422857,0.7620530380904794,0.5087202956703704,0.5843160661427347
126500,627,0.5267092434960859,0.5037251703410506,0.5803046912549104,0.4920180854303376,0.4988565679731021,0.5751758915036516,0.5767276807991548,0.5087202956703704,0.573713314814031
126600,627,0.5267092434960859,0.5037251703410506,0.554623173203937,0.4920180854303376,0.49771638784522104,0.5430931021014206,0.5473261958568298,0.5086887743327219,0.6539495163630175
126700,627,0.5548714647537977,0.5037251703410506,0.554623173203937,0.4892576286404885,0.49771638784522104,0.5430931021014206,0.5644293698189813,0.5086887743327219,0.7591916482883412
126800,627,0.5479200323547261,0.5037251703410506,0.5525469105284655,0.5058679900740508,0.49063432124293366,0.5430931021014206,0.5695297319662503,0.5086887743327219,0.5666824032217639
126900,627,0.6060783415835858,0.5037251703410506,0.5656876007792516,0.5330703646034348,0.49063432124293366,0.5355596424976958,0.5633040849597264,0.5086887743327219,0.6666827050687627
127000,627,0.6472514590674848,0.50979676351252,0.5679233194089455,0.5330703646034348,0.49063432124293366,0.5355596424976958,0.5566806132345115,0.5086887743327219,0.5812398481078999
127100,627,0.5758812352955044,0.50979676351252,0.5782065014206306,0.517651506465391,0.49063432124293366,0.5284242605769168,0.5539501956318029,0.5086887743327219,0.7672116132901833
127200,627,0.5758812352955044,0.5308423351028044,0.5782065014206306,0.5824462130968996,0.4835921251317623,0.5284242605769168,0.6364496907842848,0.5086887743327219,0.8079738436803054
127300,627,0.5758812352955044,0.5308423351028044,0.6164449319957394,0.5824462130968996,0.4835921251317623,0.5284242605769168,0.6220290699392095,0.5086887743327219,0.6081145190491903
127400,627,0.5758812352955044,0.6026621559900005,0.5912104519482538,0.5824462130968996,0.4835921251317623,0.5289621758846733,0.5935902249521815,0.5086887743327219,0.7121118015750543
127500,627,0.5758812352955044,0.5697349948237489,0.607878156835603,0.5661900337755758,0.47949816574692183,0.5289621758846733,0.5651856828215411,0.5086887743327219,0.5704291706370974
127600,627,0.6163208671083721,0.5311145903640712,0.5430209830654534,0.5260037133133038,0.47949816574692183,0.5289621758846733,0.5283676179327702,0.4990294089824254,0.5307642194405539
127700,627,0.6502818476215642,0.5311145903640712,0.5533566869368735,0.5260037133133038,0.47949816574692183,0.5289621758846733,0.5377420642757788,0.4990294089824254,0.5259126427546714
127800,627,0.6180028385858231,0.5227770385824062,0.5176424057718197,0.5053824736635393,0.47949816574692183,0.5175909177965036,0.5231991768179493,0.4990294089824254,0.5246640998020141
127900,627,0.5098443620392588,0.5123522522804944,0.5136497021062609,0.5053824736635393,0.47949816574692183,0.48020458116939574,0.6239303233423387,0.4990294089824254,0.5064067968659499
128000,627,0.5008910504816698,0.4993712666709449,0.6158387445297461,0.49531615949458896,0.47459972911952925,0.4727744876097698,0.49444861947223223,0.4909699346922749,0.5028430619757996
128100,627,0.6148941172415113,0.507401571202554,0.5093249008281314,0.49468112817831017,0.47459972911952925,0.4727744876097698,0.49444861947223223,0.4909699346922749,0.4680392212158497
128200,627,0.4922125781335577,0.5142503317622674,0.4936609209993933,0.488598214307244,0.6070278650566472,0.4727744876097698,0.48396526103456167,0.4909699346922749,0.4680392212158497
128300,627,0.48149795002306295,0.5142503317622674,0.4817016360741274,0.5147822995174088,0.5539962770659767,0.4727744876097698,0.48396526103456167,0.4909699346922749,0.5198097621098007
128400,627,0.47184180157570915,0.5142503317622674,0.4817016360741274,0.5147822995174088,0.5594627932892933,0.4727744876097698,0.5183455429016376,0.4909699346922749,0.5155567027312944
128500,627,0.47184180157570915,0.5142503317622674,0.4817016360741274,0.5147822995174088,0.683666738529769,0.4727744876097698,0.5183455429016376,0.48573716583999216,0.5076114313181233
128600,627,0.46922136357916694,0.5142503317622674,0.4817016360741274,0.5147822995174088,0.514184740659914,0.4727744876097698,0.5476784533102294,0.48573716583999216,0.5076114313181233
128700,627,0.46922136357916694,0.5052168912225571,0.4817016360741274,0.5147822995174088,0.514184740659914,0.4727744876097698,0.6224046837235017,0.48097020213402786,0.5076114313181233
128800,627,0.46922136357916694,0.6422837829556997,0.4817016360741274,0.5147822995174088,0.514184740659914,0.47960628296715,0.5168777023033929,0.48097020213402786,0.5076114313181233
128900,627,0.46922136357916694,0.5117674391150651,0.4948760659883786,0.5697232864732256,0.5070504683347252,0.47960628296715,0.5093705765708876,0.48097020213402786,0.5076114313181233
129000,627,0.47930780308460147,0.5008520664910555,0.49807611092652965,0.5086572771135339,0.5070504683347252,0.5048730486474688,0.58482354752411,0.48097020213402786,0.5076114313181233
129100,627,0.47930780308460147,0.48332736183346425,0.49807611092652965,0.4977172372018793,0.5009444457812875,0.5085260523793556,0.5018016572163445,0.48097020213402786,0.6286874639934676
129200,627,0.47930780308460147,0.48332736183346425,0.49020655558699117,0.4977172372018793,0.49541316035934474,0.5085260523793556,0.5018016572163445,0.4730753133624592,0.6309535825035102
129300,627,0.49735110498273566,0.48332736183346425,0.4986128671235401,0.4977172372018793,0.4907115677506934,0.4960015959160202,0.5018016572163445,0.4730753133624592,0.5979451728200446
129400,627,0.5003276232571351,0.48332736183346425,0.49093157413949123,0.4977172372018793,0.4907115677506934,0.4963270189437843,0.4944543036367734,0.47579453492246115,0.5084976356724977
129500,627,0.5613523391834475,0.48332736183346425,0.49093157413949123,0.5262529309838829,0.6232482457409514,0.4963270189437843,0.4944543036367734,0.4837457168255805,0.4961253055046247
129600,627,0.5613523391834475,0.48332736183346425,0.49093157413949123,0.5262529309838829,0.6162403031806434,0.5115256509643229,0.5605972547394085,0.48652055418014817,0.5021367931061759
129700,627,0.5461153621382383,0.48332736183346425,0.49093157413949123,0.5262529309838829,0.5469776518635544,0.5115256509643229,0.5989032404820127,0.48652055418014817,0.5021367931061759
129800,627,0.5461153621382383,0.48332736183346425,0.49093157413949123,0.5192491406052321,0.6288766925909237,0.5115256509643229,0.5446447806302093,0.48652055418014817,0.5021367931061759
129900,627,0.5123433515144904,0.48332736183346425,0.49093157413949123,0.5057721407364446,0.5468770046253811,0.5115256509643229,0.5113957781867791,0.48652055418014817,0.5021367931061759
130000,627,0.50208161060796,0.48332736183346425,0.49093157413949123,0.5057721407364446,0.5043569888147454,0.500249292834552,0.5575170212750765,0.48652055418014817,0.5623880791609018
130100,627,0.50208161060796,0.4738997141201251,0.49093157413949123,0.4959053235841191,0.5043569888147454,0.500249292834552,0.5598774094510249,0.4705741847215238,0.5145304864569001
130200,627,0.4883013035498503,0.4738997141201251,0.47864507601745604,0.5030804362943379,0.5047707032370962,0.49054086189290386,0.6600973284737726,0.4883099933845932,0.48643315585156044
130300,627,0.48785493395913726,0.4738997141201251,0.47864507601745604,0.5030804362943379,0.4988395607877385,0.49054086189290386,0.5886851846918874,0.5229450323127557,0.48643315585156044
130400,627,0.48785493395913726,0.4738997141201251,0.47864507601745604,0.5030804362943379,0.49238535609688977,0.49054086189290386,0.6145730319625763,0.5229450323127557,0.48643315585156044
130500,627,0.48785493395913726,0.4720969132526358,0.47864507601745604,0.5030804362943379,0.49238535609688977,0.49054086189290386,0.6150267327337086,0.5229450323127557,0.48719149188878186
130600,627,0.48785493395913726,0.4720969132526358,0.47864507601745604,0.4888016853925453,0.49238535609688977,0.49054086189290386,0.49669509053083116,0.5100875107455208,0.48719149188878186
130700,627,0.4768762995379498,0.46106698191694473,0.4734238740763498,0.4750967114906068,0.490353675757517,0.48161461704059616,0.4724361778064651,0.47983992449769935,0.4797006680104216
130800,627,0.4768762995379498,0.46106698191694473,0.4677659434696224,0.4750967114906068,0.48129321965041855,0.5577941452773684,0.4724361778064651,0.47983992449769935,0.4797006680104216
130900,627,0.4768762995379498,0.46106698191694473,0.4677659434696224,0.4750967114906068,0.48129321965041855,0.5662415900873468,0.5400523372057532,0.47983992449769935,0.472476753585209
131000,627,0.470006036857086,0.46106698191694473,0.4677659434696224,0.4750967114906068,0.48129321965041855,0.6434676488736325,0.5400523372057532,0.47983992449769935,0.472476753585209
131100,627,0.470006036857086,0.46106698191694473,0.4677659434696224,0.4750967114906068,0.48129321965041855,0.6489997252458104,0.5351767415372446,0.47983992449769935,0.472476753585209
131200,627,0.5193276115744512,0.55476340660155,0.47193836780904175,0.4750967114906068,0.4735009901992316,0.5206729642397468,0.5239585178205053,0.47983992449769935,0.472476753585209
131300,627,0.5193276115744512,0.6704478190836519,0.47193836780904175,0.4750967114906068,0.4735009901992316,0.5182863021024998,0.5166630000550688,0.5107438033960787,0.48153624250266924
131400,627,0.5193276115744512,0.5256184740685831,0.47019667582906166,0.4679556182966665,0.4735009901992316,0.5064762434731378,0.6348960506945013,0.5024136154531581,0.48153624250266924
131500,627,0.5119654769672215,0.5116621879720504,0.47019667582906166,0.5189647413325095,0.4735009901992316,0.5064762434731378,0.5502122374281709,0.49264925280889377,0.48153624250266924
131600,627,0.49947275959149795,0.5038615918623219,0.46922432600512287,0.500554961759139,0.4735009901992316,0.49921013584885376,0.49328462494611774,0.4951937033274754,0.48153624250266924
131700,627,0.5279884692137256,0.4781707996081054,0.46922432600512287,0.48267827246360934,0.4735009901992316,0.48494865143851523,0.4816979130202665,0.4811063109212396,0.471506160729068
131800,627,0.480768746806725,0.4781707996081054,0.46922432600512287,0.48267827246360934,0.46617752337998747,0.4957538750087366,0.4816979130202665,0.4902657554645981,0.471506160729068
131900,627,0.480768746806725,0.4781707996081054,0.46460882636420947,0.48024942324093406,0.46617752337998747,0.5826984885343064,0.4816979130202665,0.49500452069422735,0.471506160729068
132000,627,0.5964765473153261,0.4781707996081054,0.5288586849908629,0.4792410056829494,0.46617752337998747,0.5285745604115545,0.4816979130202665,0.49500452069422735,0.471506160729068
132100,627,0.5171194441932941,0.4765320010098519,0.5180738193925374,0.4792410056829494,0.46617752337998747,0.5224763759958692,0.4816979130202665,0.49500452069422735,0.471506160729068
132200,627,0.5964933324420527,0.4765320010098519,0.5028998466992255,0.4870533309280287,0.46617752337998747,0.5084931910427438,0.4816979130202665,0.49500452069422735,0.471506160729068
132300,627,0.6706517114750601,0.4765320010098519,0.5028998466992255,0.4870533309280287,0.46617752337998747,0.5084931910427438,0.4816979130202665,0.49500452069422735,0.471506160729068
132400,627,0.4988714374315857,0.4765320010098519,0.5028998466992255,0.4870533309280287,0.46617752337998747,0.5595981676785597,0.47800473349528483,0.49500452069422735,0.471506160729068
132500,627,0.4988714374315857,0.5450200650259465,0.5028998466992255,0.4870533309280287,0.5198942250451708,0.558203379131248,0.47800473349528483,0.49500452069422735,0.47131949328349254
132600,627,0.563231498549022,0.5450200650259465,0.5111440775776256,0.5074668443371112,0.5198942250451708,0.6313029019831755,0.4892812867696547,0.5129754764379433,0.48359883258963127
132700,627,0.6495225820734918,0.5450200650259465,0.5111440775776256,0.5074668443371112,0.5198942250451708,0.5607348256431293,0.4892812867696547,0.5129754764379433,0.48359883258963127
132800,627,0.7527416342049496,0.5375037019013347,0.5111440775776256,0.5074668443371112,0.5198942250451708,0.5757409341456834,0.5166184523659694,0.5129754764379433,0.5514052353943477
132900,627,0.5720525935029896,0.5283526520273087,0.5639134891114658,0.5074668443371112,0.5198942250451708,0.5605622177256591,0.5166184523659694,0.5129754764379433,0.5514052353943477
133000,627,0.5410424893439838,0.5283526520273087,0.5428407466786956,0.5074668443371112,0.5198942250451708,0.5459883050854749,0.5166184523659694,0.5129754764379433,0.6183696030743631
133100,627,0.5410424893439838,0.5326597390037685,0.5428407466786956,0.5074668443371112,0.5198942250451708,0.5459883050854749,0.5456890426185382,0.5129754764379433,0.6623995908098916
133200,627,0.5972988055958076,0.5217964810363916,0.7067402580734845,0.5074668443371112,0.5198942250451708,0.5242831222989683,0.5235838589690854,0.5209846975170708,0.524852088655377
133300,627,0.5232820643793065,0.5217964810363916,0.5226035765191999,0.5074668443371112,0.5198942250451708,0.5242831222989683,0.5235838589690854,0.5209846975170708,0.586424076017987
133400,627,0.5191314683267445,0.5244338321187663,0.5393929104071766,0.5043820583341385,0.5053692457953176,0.5242831222989683,0.5235838589690854,0.5349242095570798,0.6850489629990237
133500,627,0.5191314683267445,0.5244338321187663,0.5329684046891568,0.5043820583341385,0.5053692457953176,0.5242831222989683,0.5504697507743315,0.5441113411036456,0.5347547228707379
133600,627,0.5191314683267445,0.5219965226983907,0.5329684046891568,0.5092214322483143,0.5053692457953176,0.5242831222989683,0.6347001774334016,0.5441113411036456,0.5347547228707379
133700,627,0.5191314683267445,0.5341496783776701,0.5329684046891568,0.5092214322483143,0.5053692457953176,0.5242831222989683,0.5712483074029615,0.5370408535632694,0.5347547228707379
133800,627,0.5191314683267445,0.5341496783776701,0.5329684046891568,0.509585498182573,0.5053692457953176,0.5242831222989683,0.6650304147021606,0.5370408535632694,0.5347547228707379
133900,627,0.5191314683267445,0.5341496783776701,0.5285570317210959,0.5015331301664047,0.5053692457953176,0.5242831222989683,0.6630202356271228,0.5370408535632694,0.5347547228707379
134000,627,0.5191314683267445,0.5341496783776701,0.5285570317210959,0.5015331301664047,0.5053692457953176,0.522387934725629,0.5342855360464719,0.5370408535632694,0.5347547228707379
134100,627,0.5191314683267445,0.5820089156825783,0.6049569308144201,0.5009485758275817,0.5053692457953176,0.522387934725629,0.518643575437606,0.5241482086378814,0.5200084133579822
134200,627,0.5163942918939666,0.5094171027435672,0.6295534458733172,0.5099936759308632,0.5053692457953176,0.5164752630535226,0.5153922532492834,0.5148519070841235,0.5148353809002139
134300,627,0.5163942918939666,0.5094171027435672,0.5448630263227097,0.6205096604072773,0.5477076828527875,0.5164752630535226,0.5153922532492834,0.5148519070841235,0.5053035928174032
134400,627,0.5163942918939666,0.5094171027435672,0.5448630263227097,0.6089167163374566,0.5477076828527875,0.5164752630535226,0.5153922532492834,0.5148519070841235,0.4962358141253011
134500,627,0.5052531790305385,0.507632123454414,0.5014497905285552,0.5157711385465218,0.5154233173232523,0.508466880638829,0.5153922532492834,0.5148519070841235,0.4928590148427451
134600,627,0.5052531790305385,0.5022372879906098,0.5014497905285552,0.512682938907194,0.5105402283061861,0.508466880638829,0.5036993194220808,0.5148519070841235,0.4928590148427451
134700,627,0.5052531790305385,0.5022372879906098,0.5014497905285552,0.5803757081592692,0.5058152481868072,0.508466880638829,0.5036993194220808,0.5153535665065733,0.4928590148427451
134800,627,0.5052531790305385,0.5022372879906098,0.49104289096506704,0.5582712535679606,0.5058152481868072,0.508466880638829,0.49247761104220505,0.5167154925871362,0.4928590148427451
134900,627,0.4929390061529638,0.5022372879906098,0.49104289096506704,0.6003948702687423,0.5058152481868072,0.508466880638829,0.49247761104220505,0.5099298074397577,0.4928590148427451
135000,627,0.49149016635168,0.5078456956022656,0.49104289096506704,0.6078716131971033,0.5058152481868072,0.5117107806844108,0.4937289527663295,0.5099298074397577,0.48900657694121874
135100,627,0.49149016635168,0.5078456956022656,0.49104289096506704,0.6210763990470849,0.5058152481868072,0.5117107806844108,0.4937289527663295,0.5099298074397577,0.483378896237634
135200,627,0.49149016635168,0.5078456956022656,0.49104289096506704,0.5029211193749431,0.5058152481868072,0.5117107806844108,0.4984046698133385,0.5266904373113838,0.483378896237634
135300,627,0.49149016635168,0.5078456956022656,0.49104289096506704,0.5029211193749431,0.5058152481868072,0.5117107806844108,0.4985867230406246,0.5987815903154756,0.483378896237634
135400,627,0.49149016635168,0.5078456956022656,0.49104289096506704,0.5029211193749431,0.5058152481868072,0.5117107806844108,0.4923562726998372,0.5847942856578908,0.4824439654152651
135500,627,0.49149016635168,0.5078456956022656,0.49104289096506704,0.49145478459959463,0.5058152481868072,0.5117107806844108,0.4923562726998372,0.6493684012043551,0.4824439654152651
135600,627,0.49149016635168,0.5045162181142678,0.49104289096506704,0.49145478459959463,0.5058152481868072,0.5048036251096439,0.4923562726998372,0.5196550749397213,0.4824439654152651
135700,627,0.4972108157930877,0.4952194705687433,0.49104289096506704,0.4951343554672365,0.486996058703607,0.564829019847952,0.4923562726998372,0.4968719615740705,0.4824439654152651
135800,627,0.4972108157930877,0.4952194705687433,0.49104289096506704,0.4951343554672365,0.486996058703607,0.6034819055695714,0.4923562726998372,0.4968719615740705,0.4824439654152651
135900,627,0.6152320077032218,0.4952194705687433,0.49104289096506704,0.4951343554672365,0.47659090866427917,0.5610704728606989,0.4923562726998372,0.4968719615740705,0.4824439654152651
136000,627,0.49518718558712077,0.4952194705687433,0.49104289096506704,0.4951343554672365,0.47659090866427917,0.5617701031484608,0.4923562726998372,0.4968719615740705,0.4824439654152651
136100,627,0.49518718558712077,0.4952194705687433,0.49104289096506704,0.4951343554672365,0.4675277404993705,0.6186571687062299,0.4923562726998372,0.4968719615740705,0.4824439654152651
136200,627,0.4944899407986052,0.4952194705687433,0.49104289096506704,0.4951343554672365,0.4675277404993705,0.6079992450800874,0.4923562726998372,0.4968719615740705,0.4824439654152651
136300,627,0.4944899407986052,0.4952194705687433,0.49104289096506704,0.4951343554672365,0.4675277404993705,0.6128998706451348,0.4917586990748122,0.4968719615740705,0.4813729877631418
136400,627,0.4944899407986052,0.507945083559812,0.49104289096506704,0.4951343554672365,0.4593538891717165,0.5689028577423451,0.4917586990748122,0.4968719615740705,0.4813729877631418
136500,627,0.4944899407986052,0.6386333519593935,0.49104289096506704,0.4951343554672365,0.4593538891717165,0.5035036893069927,0.4917586990748122,0.4968719615740705,0.4813729877631418
136600,627,0.4916120668389809,0.534853311674192,0.49104289096506704,0.4951343554672365,0.4593538891717165,0.5035036893069927,0.49913131129887595,0.4968719615740705,0.4813729877631418
136700,627,0.4916120668389809,0.6891541047375516,0.49104289096506704,0.4951343554672365,0.4593538891717165,0.5035036893069927,0.49913131129887595,0.4994896792551752,0.4813729877631418
136800,627,0.4916120668389809,0.624161741052293,0.49104289096506704,0.5098090109226582,0.46428106181593637,0.5035036893069927,0.49913131129887595,0.4994896792551752,0.48645146640764203
136900,627,0.4916120668389809,0.5981707232501742,0.49104289096506704,0.5189001662046719,0.46428106181593637,0.5035036893069927,0.4998241644749771,0.4994896792551752,0.48645146640764203
137000,627,0.4916120668389809,0.49995397953282994,0.49104289096506704,0.5241541480304466,0.46428106181593637,0.5035036893069927,0.4998241644749771,0.4994896792551752,0.48645146640764203
137100,627,0.4916120668389809,0.483673892594949,0.49167315237434167,0.4879645245031659,0.46428106181593637,0.5513596569030853,0.4894468381605253,0.49185446592100585,0.48645146640764203
137200,627,0.4916120668389809,0.483673892594949,0.49167315237434167,0.4879645245031659,0.46428106181593637,0.550444175213066,0.4894468381605253,0.49185446592100585,0.48645146640764203
137300,627,0.4916120668389809,0.483673892594949,0.49167315237434167,0.4879645245031659,0.4643061079035872,0.5668570241664523,0.4894468381605253,0.49185446592100585,0.4770472643900143
137400,627,0.4916120668389809,0.483673892594949,0.48040773123063074,0.4879645245031659,0.4643061079035872,0.6207715910072029,0.4894468381605253,0.49185446592100585,0.4770472643900143
137500,627,0.4916120668389809,0.483673892594949,0.5475664896159125,0.4879645245031659,0.4643061079035872,0.605762503983572,0.4894468381605253,0.49185446592100585,0.46779526494095924
137600,627,0.4916120668389809,0.483673892594949,0.5040150546702196,0.49212876173948383,0.4643061079035872,0.5096495204923794,0.4894468381605253,0.49185446592100585,0.6020484013807191
137700,627,0.4916120668389809,0.483673892594949,0.5040150546702196,0.49212876173948383,0.4643061079035872,0.5096495204923794,0.4894468381605253,0.49185446592100585,0.5999490057240218
137800,627,0.4916120668389809,0.5074647048400559,0.5040150546702196,0.49212876173948383,0.4643061079035872,0.5096495204923794,0.4894468381605253,0.49185446592100585,0.7236554148280379
137900,627,0.4916120668389809,0.5074647048400559,0.5040150546702196,0.49212876173948383,0.5345005312989435,0.5096495204923794,0.4894468381605253,0.49185446592100585,0.6590993188900586
138000,627,0.4916120668389809,0.5074647048400559,0.5090072855859192,0.49212876173948383,0.5345005312989435,0.5096495204923794,0.4894468381605253,0.48909434850924904,0.651746841017077
138100,627,0.4916120668389809,0.5074647048400559,0.5090072855859192,0.4889297807081986,0.5345005312989435,0.5096495204923794,0.49066697749786814,0.48909434850924904,0.5417731969660626
138200,627,0.4937925145180392,0.5074647048400559,0.5324645132424498,0.4889297807081986,0.5297125679200807,0.5096495204923794,0.49066697749786814,0.48909434850924904,0.5933689247941821
138300,627,0.4937925145180392,0.5074647048400559,0.5196480686669855,0.4889297807081986,0.5172340804591687,0.5096495204923794,0.49066697749786814,0.48909434850924904,0.5162733509156574
138400,627,0.48609664472778763,0.5074647048400559,0.5011751919817212,0.4889297807081986,0.5053427570429404,0.585043341452872,0.49066697749786814,0.48909434850924904,0.5055003813551349
138500,627,0.48609664472778763,0.5074647048400559,0.5011751919817212,0.4889297807081986,0.5053427570429404,0.5952259343193678,0.49066697749786814,0.48909434850924904,0.5055003813551349
138600,627,0.48609664472778763,0.4981205876593377,0.5011751919817212,0.4889297807081986,0.5674702341468687,0.5040772266244697,0.48582160590921497,0.4922305713493673,0.49600375865506013
138700,627,0.48609664472778763,0.4981205876593377,0.5011751919817212,0.4889297807081986,0.55076981456755,0.4972911159839889,0.48582160590921497,0.4922305713493673,0.49600375865506013
138800,627,0.48609664472778763,0.4981205876593377,0.4945666207543857,0.4889297807081986,0.6116047386689836,0.4972911159839889,0.48582160590921497,0.4922305713493673,0.49600375865506013
138900,627,0.48609664472778763,0.5102070375383928,0.4945666207543857,0.4889297807081986,0.6293514791636712,0.49630447253322885,0.48582160590921497,0.4922305713493673,0.49600375865506013
139000,627,0.48609664472778763,0.5102070375383928,0.4945666207543857,0.4889297807081986,0.6183773204350256,0.5082249925776039,0.48582160590921497,0.4922305713493673,0.49600375865506013
139100,627,0.48609664472778763,0.4942479139598716,0.4945666207543857,0.4889297807081986,0.49830139629313086,0.559011014670338,0.48582160590921497,0.4922305713493673,0.49600375865506013
139200,627,0.5526124363575502,0.4984416714452121,0.4945666207543857,0.4889297807081986,0.49830139629313086,0.5983545313991994,0.48582160590921497,0.4922305713493673,0.4883908510148268
139300,627,0.5972111529060272,0.4984416714452121,0.4945666207543857,0.4889297807081986,0.49830139629313086,0.5311283228734399,0.48582160590921497,0.4922305713493673,0.4883908510148268
139400,627,0.5315250427908013,0.4984416714452121,0.4945666207543857,0.49046769689246006,0.4903804021352328,0.582829258854218,0.48582160590921497,0.4922305713493673,0.4883908510148268
139500,627,0.5151525647570798,0.4984416714452121,0.4945666207543857,0.49046769689246006,0.4903804021352328,0.5850643792980313,0.48582160590921497,0.4922305713493673,0.4909744179063429
139600,627,0.5166042890609626,0.5101220417558062,0.4945666207543857,0.49046769689246006,0.4903804021352328,0.5104074972611946,0.48582160590921497,0.4922305713493673,0.4909744179063429
139700,627,0.49037395058248723,0.483749097510901,0.5723589317339327,0.5387478920992147,0.4903804021352328,0.4886088005729606,0.48582160590921497,0.4922305713493673,0.4909744179063429
139800,627,0.5542142354072577,0.483749097510901,0.4842851611475213,0.48702618737722025,0.4835554047199234,0.4790548684600628,0.48582160590921497,0.48726283129675774,0.4776870969307967
139900,627,0.48034020889826357,0.483749097510901,0.5558213018627917,0.48235644203274614,0.4835554047199234,0.4790548684600628,0.472975503901911,0.484276414179808,0.4776870969307967
140000,627,0.4863518679813765,0.4749241208573121,0.5993611449809357,0.48235644203274614,0.4764500804793365,0.4790548684600628,0.472975503901911,0.4757987215572202,0.4776870969307967
140100,627,0.4863518679813765,0.4749241208573121,0.6196310650772253,0.48235644203274614,0.4764500804793365,0.4790548684600628,0.48767823684387973,0.4757987215572202,0.4776870969307967
140200,627,0.47227516613373405,0.4749241208573121,0.4810819708181485,0.5652597503185396,0.4764500804793365,0.4790548684600628,0.47387118233096476,0.4688489881746222,0.4776870969307967
140300,627,0.47227516613373405,0.4749241208573121,0.4810819708181485,0.6216634626211521,0.4764500804793365,0.4790548684600628,0.47387118233096476,0.4688489881746222,0.4776870969307967
140400,627,0.47227516613373405,0.4749241208573121,0.4810819708181485,0.5933461699059578,0.4764500804793365,0.4790548684600628,0.47387118233096476,0.4688489881746222,0.4776870969307967
140500,627,0.47227516613373405,0.4749241208573121,0.4810819708181485,0.589078068920799,0.4764500804793365,0.4790548684600628,0.47387118233096476,0.4688489881746222,0.4776870969307967
140600,627,0.46109939255586746,0.4749241208573121,0.4810819708181485,0.5281921419375503,0.4764500804793365,0.4790548684600628,0.47387118233096476,0.4688489881746222,0.4658171862400378
140700,627,0.46109939255586746,0.4749241208573121,0.4716766806322644,0.6231860298953082,0.4764500804793365,0.4790548684600628,0.47387118233096476,0.4688489881746222,0.4658171862400378
140800,627,0.46109939255586746,0.4749241208573121,0.46245826494985576,0.5275832387133556,0.4817666069047274,0.4790548684600628,0.4631540116457327,0.481417583593099,0.4658171862400378
140900,627,0.46109939255586746,0.4749241208573121,0.46245826494985576,0.4987529662108298,0.48284418455339007,0.4790548684600628,0.4631540116457327,0.481417583593099,0.4658171862400378
141000,627,0.46109939255586746,0.4749241208573121,0.46245826494985576,0.6122501372112062,0.48284418455339007,0.48794507429733697,0.4631540116457327,0.481417583593099,0.4658171862400378
141100,627,0.46109939255586746,0.4749241208573121,0.46245826494985576,0.6472037382018007,0.48284418455339007,0.48794507429733697,0.4631540116457327,0.481417583593099,0.4658171862400378
141200,627,0.46109939255586746,0.4749241208573121,0.46245826494985576,0.47950252882058686,0.48284418455339007,0.5751344579888023,0.4631540116457327,0.481417583593099,0.4658171862400378
141300,627,0.46109939255586746,0.4749241208573121,0.46245826494985576,0.47950252882058686,0.48056979608045036,0.4811027987044087,0.4631540116457327,0.5748718843225106,0.4658171862400378
141400,627,0.46109939255586746,0.4749241208573121,0.453764496212836,0.47950252882058686,0.48056979608045036,0.4811027987044087,0.4631540116457327,0.5735690063620239,0.4658171862400378
141500,627,0.46109939255586746,0.4749241208573121,0.453764496212836,0.5846001258386431,0.48056979608045036,0.4811027987044087,0.4631540116457327,0.5316390177942394,0.4658171862400378
141600,627,0.46109939255586746,0.4749241208573121,0.453764496212836,0.5546355071302852,0.48056979608045036,0.4811027987044087,0.4631540116457327,0.5150635657626259,0.46004948801259216
141700,627,0.46109939255586746,0.48216248206127377,0.453764496212836,0.6118781700384289,0.4740487248466514,0.4811027987044087,0.4631540116457327,0.5150635657626259,0.46004948801259216
141800,627,0.4564022319161049,0.48216248206127377,0.453764496212836,0.5575938780901771,0.4740487248466514,0.4811027987044087,0.4631540116457327,0.5150635657626259,0.4585393137542558
141900,627,0.46741335197919864,0.48216248206127377,0.4550366598403566,0.5058570939143257,0.4740487248466514,0.4861932649957479,0.48176678901696646,0.5150635657626259,0.4585393137542558
142000,627,0.46741335197919864,0.48216248206127377,0.4740695998208659,0.5058570939143257,0.4740487248466514,0.4861932649957479,0.4932918110169181,0.5857574301543682,0.4585393137542558
142100,627,0.46741335197919864,0.4821629689858597,0.4740695998208659,0.49817403159686363,0.4740487248466514,0.4861932649957479,0.5504635316865086,0.49909061873927296,0.4585393137542558
142200,627,0.46741335197919864,0.4821629689858597,0.4740695998208659,0.5410261201124077,0.4740487248466514,0.4861932649957479,0.4976926169781465,0.4913943828656214,0.4585393137542558
142300,627,0.46741335197919864,0.4821629689858597,0.4740695998208659,0.5517072378452229,0.4740487248466514,0.4861932649957479,0.4976926169781465,0.4913943828656214,0.4585393137542558
142400,627,0.46741335197919864,0.4821629689858597,0.4740695998208659,0.6029493042438013,0.4740487248466514,0.4888497029633184,0.4976926169781465,0.4913943828656214,0.4585393137542558
142500,627,0.46741335197919864,0.4821629689858597,0.4740695998208659,0.5812604080117986,0.4676430343793239,0.4888497029633184,0.4976926169781465,0.4913943828656214,0.4585393137542558
142600,627,0.46741335197919864,0.4923996430224999,0.4740695998208659,0.5676419775432836,0.4676430343793239,0.4888497029633184,0.4976926169781465,0.4913943828656214,0.4585393137542558
142700,627,0.4640394485525592,0.4923996430224999,0.4740695998208659,0.6462060290113283,0.4676430343793239,0.4888497029633184,0.4976926169781465,0.4913943828656214,0.4585393137542558
142800,627,0.4640394485525592,0.4923996430224999,0.47043137196937457,0.620841083790094,0.4676430343793239,0.4888497029633184,0.4976926169781465,0.4913943828656214,0.4585393137542558
142900,627,0.4640394485525592,0.4923996430224999,0.48002593324363946,0.6686946524718349,0.4676430343793239,0.49520797903313074,0.4976926169781465,0.4913943828656214,0.4585393137542558
143000,627,0.4706080707818463,0.4923996430224999,0.48002593324363946,0.691476629400535,0.4676430343793239,0.49520797903313074,0.4976926169781465,0.4913943828656214,0.4585393137542558
143100,627,0.4706080707818463,0.5027584992153019,0.48002593324363946,0.5359763126075533,0.4676430343793239,0.4957752019020532,0.49916165419022257,0.4913943828656214,0.4585393137542558
143200,627,0.4706080707818463,0.5046028374427513,0.48002593324363946,0.49916500497676936,0.4676430343793239,0.4957752019020532,0.49916165419022257,0.4913943828656214,0.4585393137542558
143300,627,0.4706080707818463,0.6024191205551351,0.4754495454762515,0.4866943688351787,0.4676430343793239,0.4957752019020532,0.4982372764288627,0.4913943828656214,0.4585393137542558
143400,627,0.4706080707818463,0.4927602821462196,0.4754495454762515,0.4866943688351787,0.4676430343793239,0.4957752019020532,0.49350433107858765,0.4913943828656214,0.4585393137542558
143500,627,0.47941851815500003,0.48402308817514483,0.4754495454762515,0.4866943688351787,0.4676430343793239,0.48495168462403865,0.4844737439882694,0.5411036718544338,0.4585393137542558
143600,627,0.47941851815500003,0.48402308817514483,0.4754495454762515,0.4866943688351787,0.4676430343793239,0.48495168462403865,0.4844737439882694,0.6114231523948364,0.4585393137542558
143700,627,0.47941851815500003,0.4723124372217474,0.4754495454762515,0.4783689084921086,0.4676430343793239,0.483216288771762,0.6514939119987591,0.4779566511374662,0.4585393137542558
143800,627,0.5476850157605551,0.4723124372217474,0.47581852082958953,0.4783689084921086,0.4676430343793239,0.483216288771762,0.6955053736154201,0.4779566511374662,0.4585393137542558
143900,627,0.5563957785355479,0.4723124372217474,0.4811727444577953,0.4783689084921086,0.4619970513908269,0.483216288771762,0.5580049671944666,0.4779566511374662,0.4585393137542558
144000,627,0.4948486094818033,0.4723124372217474,0.47936555584378804,0.4703598018387973,0.4619970513908269,0.4974772265704238,0.5020068687211156,0.4779566511374662,0.4585393137542558
144100,627,0.4948486094818033,0.4723124372217474,0.47936555584378804,0.5387647435554435,0.4619970513908269,0.4974772265704238,0.5636772201607276,0.46686855851814607,0.4604480482599172
144200,627,0.4948486094818033,0.4723124372217474,0.491595078033909,0.5387647435554435,0.4619970513908269,0.4825267423885213,0.6009673907742676,0.46686855851814607,0.4604480482599172
144300,627,0.4948486094818033,0.46490227962316055,0.5356056682324326,0.521323247681444,0.4619970513908269,0.4825267423885213,0.5340482669246039,0.46686855851814607,0.6164075301270694
144400,627,0.4948486094818033,0.46490227962316055,0.5166780114733535,0.5055650050118231,0.4619970513908269,0.4825267423885213,0.6474570390468652,0.46686855851814607,0.5319192101565632
144500,627,0.4948486094818033,0.46490227962316055,0.5166780114733535,0.5055650050118231,0.4619970513908269,0.4761773208536359,0.5896323401202909,0.46686855851814607,0.5319192101565632
144600,627,0.4948486094818033,0.46490227962316055,0.5166780114733535,0.5055650050118231,0.4619970513908269,0.4761773208536359,0.661969112457137,0.46686855851814607,0.5217389170013904
144700,627,0.4948486094818033,0.46490227962316055,0.49959768321061393,0.49376945291723484,0.4619970513908269,0.4761773208536359,0.6263364000874035,0.46686855851814607,0.48938815070107317
144800,627,0.49054897459966473,0.46490227962316055,0.708291886015611,0.49376945291723484,0.4619970513908269,0.4761773208536359,0.4954264785181001,0.46686855851814607,0.48938815070107317
144900,627,0.49054897459966473,0.4647228433909626,0.6189944748737801,0.48570167968929967,0.4619970513908269,0.4761773208536359,0.4954264785181001,0.46686855851814607,0.48938815070107317
145000,627,0.49054897459966473,0.4647228433909626,0.7176447921523329,0.48570167968929967,0.4619970513908269,0.4761773208536359,0.4954264785181001,0.46686855851814607,0.48938815070107317
145100,627,0.49054897459966473,0.4647228433909626,0.6749508451104873,0.48570167968929967,0.4619970513908269,0.4761773208536359,0.4954264785181001,0.46686855851814607,0.48938815070107317
145200,627,0.49565871721788307,0.4647228433909626,0.6743054568359063,0.48570167968929967,0.4619970513908269,0.4761773208536359,0.4954264785181001,0.46686855851814607,0.48938815070107317
145300,627,0.49565871721788307,0.4647228433909626,0.645852778449104,0.48570167968929967,0.4619970513908269,0.54291551710777,0.4954264785181001,0.46686855851814607,0.48938815070107317
145400,627,0.49565871721788307,0.4647228433909626,0.4915713292429664,0.4929697853898303,0.45611230631445665,0.4940016130209166,0.4949015417932639,0.46686855851814607,0.48938815070107317
145500,627,0.6185634269310483,0.4647228433909626,0.4915713292429664,0.5093890857611447,0.45041262661417486,0.4940016130209166,0.4949015417932639,0.46686855851814607,0.48938815070107317
145600,627,0.50589800164245,0.4647228433909626,0.4915713292429664,0.5530871693390357,0.45041262661417486,0.4940016130209166,0.4915921849885225,0.46686855851814607,0.48938815070107317
145700,627,0.50589800164245,0.4647228433909626,0.4915713292429664,0.5335383178836821,0.45041262661417486,0.4940016130209166,0.4915921849885225,0.46686855851814607,0.48938815070107317
145800,627,0.50589800164245,0.4647228433909626,0.4915713292429664,0.5573448204495488,0.45041262661417486,0.5141103354574773,0.4915921849885225,0.46686855851814607,0.48938815070107317
145900,627,0.50589800164245,0.4647228433909626,0.4915713292429664,0.5162823649992693,0.45041262661417486,0.5141103354574773,0.48854558980107604,0.46686855851814607,0.48938815070107317
146000,627,0.50589800164245,0.4647228433909626,0.4915713292429664,0.566044590520244,0.45041262661417486,0.5080373766778896,0.48854558980107604,0.46686855851814607,0.48938815070107317
146100,627,0.50589800164245,0.4647228433909626,0.4915713292429664,0.5990630791299619,0.45041262661417486,0.5080373766778896,0.4859327806261036,0.46686855851814607,0.48938815070107317
146200,627,0.50589800164245,0.7205088630926454,0.4863825025917743,0.53070922280676,0.45041262661417486,0.5080373766778896,0.4859327806261036,0.4786783986245292,0.48938815070107317
146300,627,0.50589800164245,0.5690138889219643,0.4863825025917743,0.5181499057032232,0.4455660414045557,0.5080373766778896,0.4859327806261036,0.4786783986245292,0.48938815070107317
146400,627,0.50589800164245,0.5881366359041761,0.4863825025917743,0.5181499057032232,0.440977492552721,0.5034591655233464,0.4859327806261036,0.4786783986245292,0.48938815070107317
146500,627,0.5088132857210446,0.5606467232377995,0.4863825025917743,0.5062501481390496,0.440977492552721,0.5034591655233464,0.4859327806261036,0.480329449519488,0.48938815070107317
146600,627,0.5088132857210446,0.5498311408467398,0.5414358191885748,0.5062501481390496,0.440977492552721,0.5034591655233464,0.4859327806261036,0.480329449519488,0.48938815070107317
146700,627,0.5088132857210446,0.5666325237326776,0.5414358191885748,0.5062501481390496,0.438215450288617,0.5034591655233464,0.4859327806261036,0.480329449519488,0.4895292095909217
146800,627,0.5032761039770466,0.49884004334476323,0.5036798137960854,0.5062501481390496,0.438215450288617,0.5034591655233464,0.4859327806261036,0.4808245225512585,0.4895292095909217
146900,627,0.49088165699831404,0.6223206865150096,0.4932373969914643,0.4921574428742029,0.438215450288617,0.4951062556549253,0.4859327806261036,0.4808245225512585,0.4895292095909217
147000,627,0.4812056752519352,0.6404764251006035,0.48230697768270153,0.4921574428742029,0.438215450288617,0.4951062556549253,0.4859327806261036,0.4808245225512585,0.4895292095909217
147100,627,0.4812056752519352,0.6708685183678156,0.48230697768270153,0.4921574428742029,0.438215450288617,0.4951062556549253,0.4859327806261036,0.5036242732307381,0.4895292095909217
147200,627,0.4722796851726076,0.6344569621857347,0.48230697768270153,0.4921574428742029,0.438215450288617,0.519832013321842,0.4859327806261036,0.5036242732307381,0.4895292095909217
147300,627,0.4722796851726076,0.6294721939381606,0.4826363712443708,0.4921574428742029,0.438215450288617,0.515710139745522,0.4858959350996749,0.5036242732307381,0.49040160267947586
147400,627,0.4724340357491718,0.5931068606799554,0.4826363712443708,0.4921574428742029,0.438215450288617,0.5368846660435809,0.4858959350996749,0.5036242732307381,0.48603171141662227
147500,627,0.4699881732603122,0.5598041876664318,0.4826363712443708,0.4921574428742029,0.438215450288617,0.5368846660435809,0.4858959350996749,0.5036242732307381,0.48603171141662227
147600,627,0.4699881732603122,0.52953987322946,0.4826363712443708,0.4921574428742029,0.438215450288617,0.6940985318201056,0.4858959350996749,0.5036242732307381,0.48603171141662227
147700,627,0.4699881732603122,0.52953987322946,0.4826363712443708,0.4998737917308412,0.4368352049850908,0.5990244189549939,0.4858959350996749,0.5036242732307381,0.48277620867099835
147800,627,0.4699881732603122,0.52953987322946,0.4773104285366443,0.4998737917308412,0.4368352049850908,0.5581484204052667,0.4858959350996749,0.5742781102840665,0.48277620867099835
147900,627,0.4699881732603122,0.523934875048727,0.4773104285366443,0.4998737917308412,0.5104501261708227,0.5857876390368194,0.4858959350996749,0.5430036716123681,0.48277620867099835
148000,627,0.4699881732603122,0.523934875048727,0.4773104285366443,0.4998737917308412,0.5104501261708227,0.618561075467669,0.48219090791686414,0.5430036716123681,0.48277620867099835
148100,627,0.4699881732603122,0.523934875048727,0.4773104285366443,0.4998737917308412,0.49871501588724565,0.5849594413950046,0.48219090791686414,0.5430036716123681,0.48277620867099835
148200,627,0.46712295821936917,0.569634656363568,0.4773104285366443,0.4998737917308412,0.49871501588724565,0.6445316038815434,0.48219090791686414,0.5430036716123681,0.48277620867099835
148300,627,0.46712295821936917,0.5950606050818522,0.4773104285366443,0.4998737917308412,0.5633471851476293,0.6809694480813425,0.48219090791686414,0.5430036716123681,0.48277620867099835
148400,627,0.46712295821936917,0.6222413566205747,0.4773104285366443,0.4998737917308412,0.546403471238466,0.5543339328524092,0.48219090791686414,0.5430036716123681,0.48277620867099835
148500,627,0.46712295821936917,0.5275747785567843,0.4773104285366443,0.4998737917308412,0.5371110032412374,0.5362547088504573,0.48219090791686414,0.5335312454159118,0.48277620867099835
148600,627,0.4622096072936501,0.5060978404296878,0.4773104285366443,0.4998737917308412,0.49719153353070866,0.4936701119720063,0.48219090791686414,0.496449960232482,0.48277620867099835
148700,627,0.4622096072936501,0.608333176059868,0.5452194445255982,0.4998737917308412,0.49719153353070866,0.4936701119720063,0.48219090791686414,0.49594368858602145,0.48277620867099835
148800,627,0.4622096072936501,0.6898209008338195,0.5059338869896484,0.4998737917308412,0.4876646264527992,0.4936701119720063,0.48219090791686414,0.4957403107725023,0.48277620867099835
148900,627,0.4622096072936501,0.5692858526979708,0.5059338869896484,0.4998737917308412,0.4876646264527992,0.4936701119720063,0.48219090791686414,0.4957403107725023,0.48277620867099835
149000,627,0.4622096072936501,0.5356191505096906,0.5059338869896484,0.4998737917308412,0.49097915419316424,0.5003263335647249,0.48219090791686414,0.49951807583757263,0.48277620867099835
149100,627,0.4622096072936501,0.5221040008747402,0.5059338869896484,0.4998737917308412,0.49097915419316424,0.5003263335647249,0.48219090791686414,0.49951807583757263,0.48277620867099835
149200,627,0.4622096072936501,0.6032174025058877,0.49958073274945036,0.4998737917308412,0.4908521654088687,0.5003263335647249,0.5039620114319899,0.49951807583757263,0.4734655100389331
149300,627,0.4622096072936501,0.5428339552327321,0.49958073274945036,0.4998737917308412,0.4908521654088687,0.5003263335647249,0.5039620114319899,0.50031813364213,0.48208721552010464
149400,627,0.4622096072936501,0.5022943776603991,0.49958073274945036,0.4998737917308412,0.4908521654088687,0.5003263335647249,0.6236294106538688,0.50031813364213,0.48208721552010464
149500,627,0.4622096072936501,0.5022943776603991,0.5067139712310114,0.4998737917308412,0.4908521654088687,0.5003263335647249,0.63302342556216,0.50031813364213,0.48208721552010464
149600,627,0.4622096072936501,0.5022943776603991,0.5067139712310114,0.4942115473208812,0.4908521654088687,0.5003263335647249,0.5204838738820953,0.50031813364213,0.48208721552010464
149700,627,0.5260253544035633,0.5271135374466484,0.5552821531857043,0.4942115473208812,0.4908521654088687,0.5003263335647249,0.5696750445374354,0.50031813364213,0.48208721552010464
149800,627,0.5093598756349749,0.5030638331242999,0.5041373807802279,0.4942115473208812,0.4908521654088687,0.5003263335647249,0.6370768807033502,0.50031813364213,0.48208721552010464
149900,627,0.5093598756349749,0.5087211605751086,0.5019439773702541,0.4942115473208812,0.4908521654088687,0.5003263335647249,0.5071085468775626,0.50031813364213,0.48208721552010464
150000,627,0.49671797065180456,0.5417182558143934,0.5019439773702541,0.4942115473208812,0.4908521654088687,0.5003263335647249,0.5071085468775626,0.50031813364213,0.48208721552010464
150100,627,0.49671797065180456,0.4989094385317044,0.4993721734364666,0.4942115473208812,0.4908521654088687,0.5003263335647249,0.49960709729627995,0.50031813364213,0.48208721552010464
150200,627,0.48906639482755704,0.5041519596223979,0.4993721734364666,0.4942115473208812,0.4908521654088687,0.49560056694873006,0.5943232732629792,0.49563760991225464,0.48208721552010464
150300,627,0.48906639482755704,0.4928997639781431,0.49071412608603204,0.5010195640308049,0.4908521654088687,0.48660627072205836,0.49204024167587745,0.48871941782764433,0.48208721552010464
150400,627,0.48906639482755704,0.48874281856304347,0.49071412608603204,0.6390120056640205,0.4908521654088687,0.48660627072205836,0.49204024167587745,0.4899677246353991,0.48208721552010464
150500,627,0.48906639482755704,0.48874281856304347,0.49071412608603204,0.6504500869633526,0.4908521654088687,0.48660627072205836,0.49204024167587745,0.4899677246353991,0.48208721552010464
150600,627,0.48906639482755704,0.4902442066812478,0.49071412608603204,0.546949086922203,0.4908521654088687,0.48660627072205836,0.49204024167587745,0.4899677246353991,0.48208721552010464
150700,627,0.48906639482755704,0.4902442066812478,0.555770285387661,0.5747726190147783,0.4908521654088687,0.48660627072205836,0.49204024167587745,0.4899677246353991,0.48208721552010464
150800,627,0.48906639482755704,0.4902442066812478,0.555770285387661,0.6175129683853277,0.4908521654088687,0.48660627072205836,0.48261801630728507,0.4899677246353991,0.48208721552010464
150900,627,0.48906639482755704,0.4902442066812478,0.4912597065286667,0.5179657755426716,0.4908521654088687,0.48660627072205836,0.48261801630728507,0.4899677246353991,0.48208721552010464
151000,627,0.48906639482755704,0.4902442066812478,0.4912597065286667,0.6058759498666886,0.483202329101856,0.48660627072205836,0.48261801630728507,0.4899677246353991,0.48208721552010464
151100,627,0.5452042912015296,0.4902442066812478,0.4912597065286667,0.5444141163763713,0.483202329101856,0.48660627072205836,0.48261801630728507,0.5095839395010628,0.48208721552010464
151200,627,0.49349478301296,0.4902442066812478,0.4912597065286667,0.4936366269437534,0.483202329101856,0.48660627072205836,0.48261801630728507,0.5384550593951121,0.48208721552010464
151300,627,0.49349478301296,0.4902442066812478,0.4912597065286667,0.4896418145971589,0.483202329101856,0.5068153783565101,0.48261801630728507,0.6308354601555267,0.48208721552010464
151400,627,0.49349478301296,0.4919358080625519,0.4912597065286667,0.4896418145971589,0.483202329101856,0.5986289425558994,0.48261801630728507,0.5057758833525017,0.48208721552010464
151500,627,0.49349478301296,0.4919358080625519,0.4912597065286667,0.4896418145971589,0.483202329101856,0.6409334461984828,0.48261801630728507,0.5259660387623027,0.48208721552010464
151600,627,0.49349478301296,0.489373118673216,0.4879318939227805,0.4896418145971589,0.483202329101856,0.5349249172481241,0.48261801630728507,0.5259660387623027,0.48208721552010464
151700,627,0.49349478301296,0.489373118673216,0.4879318939227805,0.4896418145971589,0.483202329101856,0.6519590233744218,0.48261801630728507,0.5207132495745984,0.477478277116872
151800,627,0.49349478301296,0.489373118673216,0.4879318939227805,0.4896418145971589,0.483202329101856,0.6217452309542362,0.48261801630728507,0.5207132495745984,0.477478277116872
151900,627,0.49349478301296,0.489373118673216,0.4879318939227805,0.4896418145971589,0.4787756179800398,0.493727711330506,0.4979215287013341,0.5509303445119099,0.477478277116872
152000,627,0.49349478301296,0.489373118673216,0.4879318939227805,0.4896418145971589,0.4787756179800398,0.48581361629278125,0.4860158179442072,0.4884658737669452,0.477478277116872
152100,627,0.5230302423308032,0.47226565336434156,0.4879318939227805,0.473476930675839,0.4787756179800398,0.48581361629278125,0.4860158179442072,0.5933705251227457,0.477478277116872
152200,627,0.506619940255995,0.47226565336434156,0.4879318939227805,0.473476930675839,0.4787756179800398,0.48581361629278125,0.4860158179442072,0.5902399593813398,0.477478277116872
152300,627,0.5981961063359208,0.47659399477153114,0.48115824995124856,0.473476930675839,0.4787756179800398,0.48581361629278125,0.4860158179442072,0.5019096972721302,0.48136079086154565
152400,627,0.4878392983843445,0.47659399477153114,0.48115824995124856,0.473476930675839,0.4787756179800398,0.48581361629278125,0.4860158179442072,0.5970367187948814,0.4872558323906079
152500,627,0.4809468001996403,0.47659399477153114,0.48115824995124856,0.473476930675839,0.4787756179800398,0.48581361629278125,0.5441124411744186,0.4859835824247385,0.4795519941928227
152600,627,0.4809468001996403,0.47659399477153114,0.48115824995124856,0.4708381031926638,0.47419424520703146,0.48581361629278125,0.6399432446969574,0.4859835824247385,0.4795519941928227
152700,627,0.4809468001996403,0.47659399477153114,0.48115824995124856,0.5398020873147181,0.47419424520703146,0.48581361629278125,0.7101345707114766,0.4778235676483165,0.4795519941928227
152800,627,0.4809468001996403,0.47659399477153114,0.48115824995124856,0.6513374586198627,0.47419424520703146,0.48581361629278125,0.5290753234669999,0.4778235676483165,0.47754490356145357
152900,627,0.4809468001996403,0.47659399477153114,0.48115824995124856,0.5743943614048486,0.47419424520703146,0.48581361629278125,0.5290753234669999,0.4778235676483165,0.47754490356145357
153000,627,0.4809468001996403,0.47659399477153114,0.48115824995124856,0.5205554568584978,0.47419424520703146,0.48581361629278125,0.546347854548477,0.4762827644472703,0.48866547233089985
153100,627,0.4809468001996403,0.47659399477153114,0.48115824995124856,0.5205554568584978,0.47419424520703146,0.48581361629278125,0.6324528818476173,0.4762827644472703,0.48866547233089985
153200,627,0.4809468001996403,0.47659399477153114,0.4901251287603835,0.5221669325370837,0.47419424520703146,0.48581361629278125,0.565313125406393,0.4762827644472703,0.48866547233089985
153300,627,0.5007555977515279,0.4740139482865515,0.4901251287603835,0.5221669325370837,0.47419424520703146,0.48581361629278125,0.6587599651976117,0.4762827644472703,0.48866547233089985
153400,627,0.5007555977515279,0.5427223004228081,0.4901251287603835,0.5221669325370837,0.47419424520703146,0.48581361629278125,0.568588578918249,0.4762827644472703,0.48866547233089985
153500,627,0.5007555977515279,0.5014514310913477,0.4901251287603835,0.4996792084697968,0.47419424520703146,0.48581361629278125,0.7374811021165341,0.4762827644472703,0.48866547233089985
153600,627,0.5007555977515279,0.5014514310913477,0.4901251287603835,0.4996792084697968,0.47419424520703146,0.48581361629278125,0.5539467416686005,0.4762827644472703,0.48866547233089985
153700,627,0.5007555977515279,0.5014514310913477,0.4901251287603835,0.4905174200055232,0.47419424520703146,0.48581361629278125,0.6275075290134335,0.4762827644472703,0.48866547233089985
153800,627,0.5007555977515279,0.5014514310913477,0.4901251287603835,0.4905174200055232,0.47419424520703146,0.48581361629278125,0.6335223297871393,0.4762827644472703,0.48866547233089985
153900,627,0.5007555977515279,0.5014514310913477,0.4926320817137519,0.4905174200055232,0.47610527610738057,0.48581361629278125,0.6905734591012532,0.4762827644472703,0.48866547233089985
154000,627,0.5007555977515279,0.5014514310913477,0.4926320817137519,0.4905174200055232,0.47610527610738057,0.48581361629278125,0.5825769354928516,0.4762827644472703,0.48866547233089985
154100,627,0.5007555977515279,0.49440418647392076,0.4926320817137519,0.4905174200055232,0.47610527610738057,0.48581361629278125,0.7340272981274122,0.47103844591978705,0.48866547233089985
154200,627,0.49037678598319684,0.4873068964484341,0.558956834763236,0.48768556622777187,0.47610527610738057,0.48581361629278125,0.4880310876609167,0.4748191092145038,0.48866547233089985
154300,627,0.49037678598319684,0.4873068964484341,0.5977005588501955,0.48768556622777187,0.4789283482541524,0.48581361629278125,0.4880310876609167,0.4748191092145038,0.4787525499510595
154400,627,0.5304695673039415,0.4873068964484341,0.4813148021782348,0.48768556622777187,0.4787078050638897,0.48581361629278125,0.48036349853436083,0.4748191092145038,0.4787525499510595
154500,627,0.4828771774529809,0.47510066947993196,0.4813148021782348,0.48262442658269505,0.4787078050638897,0.5121919807932999,0.48036349853436083,0.4748191092145038,0.4787525499510595
154600,627,0.4828771774529809,0.47510066947993196,0.47563304536004997,0.48418973924044134,0.4787078050638897,0.5305345804932423,0.48036349853436083,0.4748191092145038,0.4787525499510595
154700,627,0.4828771774529809,0.47510066947993196,0.47563304536004997,0.48418973924044134,0.4787078050638897,0.529130711314106,0.48036349853436083,0.4748191092145038,0.4787525499510595
154800,627,0.4828771774529809,0.47510066947993196,0.47563304536004997,0.48418973924044134,0.4787078050638897,0.6309094140706728,0.48036349853436083,0.4748191092145038,0.4787525499510595
154900,627,0.5506149781459815,0.544033141086668,0.47563304536004997,0.48418973924044134,0.4787078050638897,0.6487882301560034,0.48036349853436083,0.4748191092145038,0.4787525499510595
155000,627,0.5506149781459815,0.544033141086668,0.47563304536004997,0.48418973924044134,0.4787078050638897,0.6846626160232524,0.547870020458897,0.4748191092145038,0.4787525499510595
155100,627,0.5506149781459815,0.544033141086668,0.47563304536004997,0.48418973924044134,0.4787078050638897,0.5599646433565234,0.547870020458897,0.4748191092145038,0.4787525499510595
155200,627,0.5342560752935342,0.544033141086668,0.47563304536004997,0.48418973924044134,0.4787078050638897,0.6503540367638535,0.5259459607682151,0.4748191092145038,0.4787525499510595
155300,627,0.5342560752935342,0.544033141086668,0.47563304536004997,0.48418973924044134,0.4780960746379239,0.5769583636814466,0.5259459607682151,0.4931188762326857,0.4787525499510595
155400,627,0.5342560752935342,0.544033141086668,0.47563304536004997,0.48418973924044134,0.47689630676518513,0.5901397215845466,0.5259459607682151,0.4931188762326857,0.4787525499510595
155500,627,0.5169649379099773,0.5129188344181541,0.47563304536004997,0.48418973924044134,0.47689630676518513,0.5571011472390461,0.5102313310396828,0.4931188762326857,0.4787525499510595
155600,627,0.5023965031110675,0.5103539268242675,0.47563304536004997,0.48149738932259867,0.47689630676518513,0.5243833269333393,0.6086424511248643,0.4891379154232363,0.4787525499510595
155700,627,0.5023965031110675,0.586208486857736,0.4630058778242282,0.48149738932259867,0.47689630676518513,0.5069299002255576,0.5103051885357636,0.4891379154232363,0.4787525499510595
155800,627,0.5023965031110675,0.6176985329389629,0.5339922381990962,0.49244552068274994,0.47689630676518513,0.5069299002255576,0.4934455512469125,0.4891379154232363,0.4787525499510595
155900,627,0.5023965031110675,0.5260959377642429,0.6786689249295335,0.49244552068274994,0.47689630676518513,0.5069299002255576,0.4934455512469125,0.4891379154232363,0.4787525499510595
156000,627,0.5871047303730801,0.5260959377642429,0.7043943775631388,0.49244552068274994,0.47689630676518513,0.5069299002255576,0.49770277072546004,0.4891379154232363,0.4787525499510595
156100,627,0.5871047303730801,0.5260959377642429,0.6918999072656415,0.49244552068274994,0.47689630676518513,0.5069299002255576,0.5054888410387499,0.4891379154232363,0.4845618745637564
156200,627,0.5871047303730801,0.5265901108649856,0.7506084902955386,0.49244552068274994,0.5450556191473568,0.5069299002255576,0.5054888410387499,0.4891379154232363,0.4845618745637564
156300,627,0.5871047303730801,0.516938081377024,0.6944745942258765,0.4866812424069625,0.5327823489984577,0.5069299002255576,0.5054888410387499,0.4891379154232363,0.5127086228744197
156400,627,0.6364088068492458,0.516938081377024,0.5773503617121144,0.4866812424069625,0.5327823489984577,0.5069299002255576,0.5089312315709289,0.4891379154232363,0.5127086228744197
156500,627,0.523414099394531,0.5092992195623335,0.5100650820017998,0.4866812424069625,0.592774941286096,0.5188953983779122,0.5089312315709289,0.4891379154232363,0.5127086228744197
156600,627,0.5141531659726961,0.5092992195623335,0.5100650820017998,0.4866812424069625,0.5607682369478039,0.5188953983779122,0.5089312315709289,0.4891379154232363,0.5127086228744197
156700,627,0.49640590255396705,0.5064874000901546,0.49775007299739865,0.48319501127496317,0.5076605661798624,0.5018655611099979,0.5089312315709289,0.4891379154232363,0.4960636329016854
156800,627,0.49640590255396705,0.49864591184989504,0.49775007299739865,0.48319501127496317,0.5909143891553701,0.5018655611099979,0.5000492956598007,0.4891379154232363,0.4960636329016854
156900,627,0.49640590255396705,0.49864591184989504,0.49775007299739865,0.5291110558382144,0.5095646109282037,0.5018655611099979,0.5000492956598007,0.4891379154232363,0.4960636329016854
157000,627,0.49640590255396705,0.49864591184989504,0.49775007299739865,0.6253186308313107,0.49781293595080894,0.5018655611099979,0.5000492956598007,0.4891379154232363,0.4960636329016854
157100,627,0.4907996086007277,0.49864591184989504,0.49775007299739865,0.49609670118208743,0.49781293595080894,0.606876224661442,0.494678679919513,0.4891379154232363,0.4960636329016854
157200,627,0.4907996086007277,0.49864591184989504,0.49775007299739865,0.49609670118208743,0.49781293595080894,0.5118808652808859,0.4870521364229166,0.4891379154232363,0.4960636329016854
157300,627,0.5388375736490758,0.48362694207236423,0.4892189445971001,0.4804768520487204,0.48704051076950405,0.48113126261726086,0.4870521364229166,0.4891379154232363,0.4850281275525528
157400,627,0.47735091472099944,0.4987581937999799,0.4777904310318967,0.4804768520487204,0.4778839493653949,0.48113126261726086,0.47535174380914297,0.48285875409676604,0.47356345216762946
157500,627,0.4659902561896218,0.479760684107121,0.4777904310318967,0.4804768520487204,0.4778839493653949,0.48113126261726086,0.47535174380914297,0.5276319428822169,0.46189179828705773
157600,627,0.4659902561896218,0.479760684107121,0.4777904310318967,0.4804768520487204,0.4778839493653949,0.48113126261726086,0.47535174380914297,0.5930132933079001,0.46189179828705773
157700,627,0.4659902561896218,0.479760684107121,0.4777904310318967,0.4804768520487204,0.4778839493653949,0.48113126261726086,0.47535174380914297,0.5017402772300951,0.46189179828705773
157800,627,0.4659902561896218,0.479760684107121,0.4777904310318967,0.4804768520487204,0.4778839493653949,0.48113126261726086,0.47535174380914297,0.569137059980125,0.46189179828705773
157900,627,0.4659902561896218,0.479760684107121,0.4777904310318967,0.4804768520487204,0.4778839493653949,0.48113126261726086,0.47535174380914297,0.5860191513017732,0.46189179828705773
158000,627,0.4659902561896218,0.479760684107121,0.4777904310318967,0.4804768520487204,0.4778839493653949,0.48113126261726086,0.47535174380914297,0.6404080086398556,0.45418878574109167
158100,627,0.4659902561896218,0.5144478669348626,0.4777904310318967,0.4804768520487204,0.4695998338939101,0.48113126261726086,0.4640558619247631,0.6817227855090833,0.45418878574109167
158200,627,0.4659902561896218,0.5144478669348626,0.4777904310318967,0.4804768520487204,0.4695998338939101,0.6018474838176071,0.4640558619247631,0.5432374649920224,0.45418878574109167
158300,627,0.4659902561896218,0.5144478669348626,0.4777904310318967,0.4804768520487204,0.4695998338939101,0.6220313169285083,0.4531055987141765,0.5432374649920224,0.45418878574109167
158400,627,0.5367339467771498,0.5144478669348626,0.4777904310318967,0.4804768520487204,0.4619302679701149,0.6340012989021966,0.4531055987141765,0.5432374649920224,0.45418878574109167
158500,627,0.5166835965873067,0.5144478669348626,0.4777904310318967,0.4804768520487204,0.4619302679701149,0.6011503041671143,0.4531055987141765,0.5566633029592277,0.45418878574109167
158600,627,0.5166835965873067,0.5144478669348626,0.4777904310318967,0.48887605373329407,0.4619302679701149,0.5710893244761623,0.4531055987141765,0.5566633029592277,0.45418878574109167
158700,627,0.5166835965873067,0.5144478669348626,0.4777904310318967,0.48887605373329407,0.4619302679701149,0.6586073224386418,0.4531055987141765,0.5608639879846324,0.45418878574109167
158800,627,0.5015918322899849,0.5144478669348626,0.4777904310318967,0.48887605373329407,0.4619302679701149,0.509648079263368,0.4531055987141765,0.5688533190117774,0.5243754035597447
158900,627,0.48749837988697153,0.5852166103998072,0.4777904310318967,0.4889356268107037,0.4996201919306508,0.5090858579665429,0.4531055987141765,0.5073930402579895,0.5086689173126163
159000,627,0.48749837988697153,0.5062117324730531,0.4777904310318967,0.4889356268107037,0.4996201919306508,0.4941595381882479,0.4531055987141765,0.5103108542932489,0.5417540721523829
159100,627,0.48749837988697153,0.629014348930429,0.4777904310318967,0.4889356268107037,0.4996201919306508,0.4941595381882479,0.4531055987141765,0.5004052736573225,0.501536416462146
159200,627,0.48749837988697153,0.593314066057627,0.4777904310318967,0.4889356268107037,0.4996201919306508,0.515525899171645,0.45000397668282505,0.5004052736573225,0.501536416462146
159300,627,0.4782396529941536,0.5734244834747257,0.4777904310318967,0.4889356268107037,0.4996201919306508,0.515525899171645,0.45000397668282505,0.5004052736573225,0.501536416462146
159400,627,0.4782396529941536,0.5591906564699626,0.4777904310318967,0.4889356268107037,0.4996201919306508,0.515525899171645,0.45000397668282505,0.5004052736573225,0.501536416462146
159500,627,0.4782396529941536,0.6667567604641506,0.4777904310318967,0.4889356268107037,0.4996201919306508,0.5225980213728939,0.45000397668282505,0.5004052736573225,0.501536416462146
159600,627,0.4782396529941536,0.5014562185971624,0.4777904310318967,0.5586250326336711,0.4874419216930578,0.4967468963175189,0.45000397668282505,0.49516045027370503,0.4933448139747078
159700,627,0.4782396529941536,0.5014562185971624,0.4777904310318967,0.6118446031182766,0.4874419216930578,0.5024946130462884,0.45000397668282505,0.49516045027370503,0.4933448139747078
159800,627,0.4782396529941536,0.5197079276070071,0.4777904310318967,0.5894320820584664,0.4874419216930578,0.5138986077273586,0.45000397668282505,0.49516045027370503,0.4933448139747078
159900,627,0.4782396529941536,0.5197079276070071,0.4777904310318967,0.5777348791775928,0.4874419216930578,0.5138986077273586,0.45000397668282505,0.49516045027370503,0.48465963905180176
160000,627,0.4782396529941536,0.4933665376437896,0.4777904310318967,0.4941632465352523,0.4874419216930578,0.5615005841722839,0.45000397668282505,0.49516045027370503,0.48465963905180176
